<?xml version="1.0" encoding="UTF-8"?>
<export version="D">
  <design>
    <source>C:\Users\matth\Documents\GitHub\Keyboard\PCB\v1PCB.sch</source>
    <date>7/23/2020 4:19:37 PM</date>
    <tool>Eeschema (5.1.4)-1</tool>
    <sheet number="1" name="/" tstamps="/">
      <title_block>
        <title/>
        <company/>
        <rev/>
        <date/>
        <source>v1PCB.sch</source>
        <comment number="1" value=""/>
        <comment number="2" value=""/>
        <comment number="3" value=""/>
        <comment number="4" value=""/>
      </title_block>
    </sheet>
  </design>
  <components>
    <comp ref="K_0">
      <value>KEYSW</value>
      <footprint>MX_Only:MXOnly-1U-NoLED</footprint>
      <libsource lib="MX_Alps_Hybrid" part="MX-NoLED" description=""/>
      <sheetpath names="/" tstamps="/"/>
      <tstamp>00000001</tstamp>
    </comp>
    <comp ref="D_0">
      <value>D</value>
      <footprint>Diode_SMD:D_SOD-123</footprint>
      <datasheet>~</datasheet>
      <libsource lib="Device" part="D_Small" description="Diode, small symbol"/>
      <sheetpath names="/" tstamps="/"/>
      <tstamp>00000000</tstamp>
    </comp>
    <comp ref="K_1">
      <value>KEYSW</value>
      <footprint>MX_Only:MXOnly-1U-NoLED</footprint>
      <libsource lib="MX_Alps_Hybrid" part="MX-NoLED" description=""/>
      <sheetpath names="/" tstamps="/"/>
      <tstamp>00000011</tstamp>
    </comp>
    <comp ref="D_1">
      <value>D</value>
      <footprint>Diode_SMD:D_SOD-123</footprint>
      <datasheet>~</datasheet>
      <libsource lib="Device" part="D_Small" description="Diode, small symbol"/>
      <sheetpath names="/" tstamps="/"/>
      <tstamp>00000010</tstamp>
    </comp>
    <comp ref="K_2">
      <value>KEYSW</value>
      <footprint>MX_Only:MXOnly-1U-NoLED</footprint>
      <libsource lib="MX_Alps_Hybrid" part="MX-NoLED" description=""/>
      <sheetpath names="/" tstamps="/"/>
      <tstamp>00000021</tstamp>
    </comp>
    <comp ref="D_2">
      <value>D</value>
      <footprint>Diode_SMD:D_SOD-123</footprint>
      <datasheet>~</datasheet>
      <libsource lib="Device" part="D_Small" description="Diode, small symbol"/>
      <sheetpath names="/" tstamps="/"/>
      <tstamp>00000020</tstamp>
    </comp>
    <comp ref="K_3">
      <value>KEYSW</value>
      <footprint>MX_Only:MXOnly-1U-NoLED</footprint>
      <libsource lib="MX_Alps_Hybrid" part="MX-NoLED" description=""/>
      <sheetpath names="/" tstamps="/"/>
      <tstamp>00000031</tstamp>
    </comp>
    <comp ref="D_3">
      <value>D</value>
      <footprint>Diode_SMD:D_SOD-123</footprint>
      <datasheet>~</datasheet>
      <libsource lib="Device" part="D_Small" description="Diode, small symbol"/>
      <sheetpath names="/" tstamps="/"/>
      <tstamp>00000030</tstamp>
    </comp>
    <comp ref="K_4">
      <value>KEYSW</value>
      <footprint>MX_Only:MXOnly-1U-NoLED</footprint>
      <libsource lib="MX_Alps_Hybrid" part="MX-NoLED" description=""/>
      <sheetpath names="/" tstamps="/"/>
      <tstamp>00000041</tstamp>
    </comp>
    <comp ref="D_4">
      <value>D</value>
      <footprint>Diode_SMD:D_SOD-123</footprint>
      <datasheet>~</datasheet>
      <libsource lib="Device" part="D_Small" description="Diode, small symbol"/>
      <sheetpath names="/" tstamps="/"/>
      <tstamp>00000040</tstamp>
    </comp>
    <comp ref="K_5">
      <value>KEYSW</value>
      <footprint>MX_Only:MXOnly-1U-NoLED</footprint>
      <libsource lib="MX_Alps_Hybrid" part="MX-NoLED" description=""/>
      <sheetpath names="/" tstamps="/"/>
      <tstamp>00000051</tstamp>
    </comp>
    <comp ref="D_5">
      <value>D</value>
      <footprint>Diode_SMD:D_SOD-123</footprint>
      <datasheet>~</datasheet>
      <libsource lib="Device" part="D_Small" description="Diode, small symbol"/>
      <sheetpath names="/" tstamps="/"/>
      <tstamp>00000050</tstamp>
    </comp>
    <comp ref="K_6">
      <value>KEYSW</value>
      <footprint>MX_Only:MXOnly-1U-NoLED</footprint>
      <libsource lib="MX_Alps_Hybrid" part="MX-NoLED" description=""/>
      <sheetpath names="/" tstamps="/"/>
      <tstamp>00000061</tstamp>
    </comp>
    <comp ref="D_6">
      <value>D</value>
      <footprint>Diode_SMD:D_SOD-123</footprint>
      <datasheet>~</datasheet>
      <libsource lib="Device" part="D_Small" description="Diode, small symbol"/>
      <sheetpath names="/" tstamps="/"/>
      <tstamp>00000060</tstamp>
    </comp>
    <comp ref="K_7">
      <value>KEYSW</value>
      <footprint>MX_Only:MXOnly-1U-NoLED</footprint>
      <libsource lib="MX_Alps_Hybrid" part="MX-NoLED" description=""/>
      <sheetpath names="/" tstamps="/"/>
      <tstamp>00000071</tstamp>
    </comp>
    <comp ref="D_7">
      <value>D</value>
      <footprint>Diode_SMD:D_SOD-123</footprint>
      <datasheet>~</datasheet>
      <libsource lib="Device" part="D_Small" description="Diode, small symbol"/>
      <sheetpath names="/" tstamps="/"/>
      <tstamp>00000070</tstamp>
    </comp>
    <comp ref="K_8">
      <value>KEYSW</value>
      <footprint>MX_Only:MXOnly-1U-NoLED</footprint>
      <libsource lib="MX_Alps_Hybrid" part="MX-NoLED" description=""/>
      <sheetpath names="/" tstamps="/"/>
      <tstamp>00000081</tstamp>
    </comp>
    <comp ref="D_8">
      <value>D</value>
      <footprint>Diode_SMD:D_SOD-123</footprint>
      <datasheet>~</datasheet>
      <libsource lib="Device" part="D_Small" description="Diode, small symbol"/>
      <sheetpath names="/" tstamps="/"/>
      <tstamp>00000080</tstamp>
    </comp>
    <comp ref="K_9">
      <value>KEYSW</value>
      <footprint>MX_Only:MXOnly-1U-NoLED</footprint>
      <libsource lib="MX_Alps_Hybrid" part="MX-NoLED" description=""/>
      <sheetpath names="/" tstamps="/"/>
      <tstamp>00000091</tstamp>
    </comp>
    <comp ref="D_9">
      <value>D</value>
      <footprint>Diode_SMD:D_SOD-123</footprint>
      <datasheet>~</datasheet>
      <libsource lib="Device" part="D_Small" description="Diode, small symbol"/>
      <sheetpath names="/" tstamps="/"/>
      <tstamp>00000090</tstamp>
    </comp>
    <comp ref="K_10">
      <value>KEYSW</value>
      <footprint>MX_Only:MXOnly-1U-NoLED</footprint>
      <libsource lib="MX_Alps_Hybrid" part="MX-NoLED" description=""/>
      <sheetpath names="/" tstamps="/"/>
      <tstamp>00000101</tstamp>
    </comp>
    <comp ref="D_10">
      <value>D</value>
      <footprint>Diode_SMD:D_SOD-123</footprint>
      <datasheet>~</datasheet>
      <libsource lib="Device" part="D_Small" description="Diode, small symbol"/>
      <sheetpath names="/" tstamps="/"/>
      <tstamp>00000100</tstamp>
    </comp>
    <comp ref="K_11">
      <value>KEYSW</value>
      <footprint>MX_Only:MXOnly-1U-NoLED</footprint>
      <libsource lib="MX_Alps_Hybrid" part="MX-NoLED" description=""/>
      <sheetpath names="/" tstamps="/"/>
      <tstamp>00000111</tstamp>
    </comp>
    <comp ref="D_11">
      <value>D</value>
      <footprint>Diode_SMD:D_SOD-123</footprint>
      <datasheet>~</datasheet>
      <libsource lib="Device" part="D_Small" description="Diode, small symbol"/>
      <sheetpath names="/" tstamps="/"/>
      <tstamp>00000110</tstamp>
    </comp>
    <comp ref="K_12">
      <value>KEYSW</value>
      <footprint>MX_Only:MXOnly-1U-NoLED</footprint>
      <libsource lib="MX_Alps_Hybrid" part="MX-NoLED" description=""/>
      <sheetpath names="/" tstamps="/"/>
      <tstamp>00000121</tstamp>
    </comp>
    <comp ref="D_12">
      <value>D</value>
      <footprint>Diode_SMD:D_SOD-123</footprint>
      <datasheet>~</datasheet>
      <libsource lib="Device" part="D_Small" description="Diode, small symbol"/>
      <sheetpath names="/" tstamps="/"/>
      <tstamp>00000120</tstamp>
    </comp>
    <comp ref="K_13">
      <value>KEYSW</value>
      <footprint>MX_Only:MXOnly-1U-NoLED</footprint>
      <libsource lib="MX_Alps_Hybrid" part="MX-NoLED" description=""/>
      <sheetpath names="/" tstamps="/"/>
      <tstamp>00000131</tstamp>
    </comp>
    <comp ref="D_13">
      <value>D</value>
      <footprint>Diode_SMD:D_SOD-123</footprint>
      <datasheet>~</datasheet>
      <libsource lib="Device" part="D_Small" description="Diode, small symbol"/>
      <sheetpath names="/" tstamps="/"/>
      <tstamp>00000130</tstamp>
    </comp>
    <comp ref="K_14">
      <value>KEYSW</value>
      <footprint>MX_Only:MXOnly-1U-NoLED</footprint>
      <libsource lib="MX_Alps_Hybrid" part="MX-NoLED" description=""/>
      <sheetpath names="/" tstamps="/"/>
      <tstamp>00000141</tstamp>
    </comp>
    <comp ref="D_14">
      <value>D</value>
      <footprint>Diode_SMD:D_SOD-123</footprint>
      <datasheet>~</datasheet>
      <libsource lib="Device" part="D_Small" description="Diode, small symbol"/>
      <sheetpath names="/" tstamps="/"/>
      <tstamp>00000140</tstamp>
    </comp>
    <comp ref="K_15">
      <value>KEYSW</value>
      <footprint>MX_Only:MXOnly-1U-NoLED</footprint>
      <libsource lib="MX_Alps_Hybrid" part="MX-NoLED" description=""/>
      <sheetpath names="/" tstamps="/"/>
      <tstamp>00000151</tstamp>
    </comp>
    <comp ref="D_15">
      <value>D</value>
      <footprint>Diode_SMD:D_SOD-123</footprint>
      <datasheet>~</datasheet>
      <libsource lib="Device" part="D_Small" description="Diode, small symbol"/>
      <sheetpath names="/" tstamps="/"/>
      <tstamp>00000150</tstamp>
    </comp>
    <comp ref="K_16">
      <value>KEYSW</value>
      <footprint>MX_Only:MXOnly-1U-NoLED</footprint>
      <libsource lib="MX_Alps_Hybrid" part="MX-NoLED" description=""/>
      <sheetpath names="/" tstamps="/"/>
      <tstamp>00000161</tstamp>
    </comp>
    <comp ref="D_16">
      <value>D</value>
      <footprint>Diode_SMD:D_SOD-123</footprint>
      <datasheet>~</datasheet>
      <libsource lib="Device" part="D_Small" description="Diode, small symbol"/>
      <sheetpath names="/" tstamps="/"/>
      <tstamp>00000160</tstamp>
    </comp>
    <comp ref="K_17">
      <value>KEYSW</value>
      <footprint>MX_Only:MXOnly-1U-NoLED</footprint>
      <libsource lib="MX_Alps_Hybrid" part="MX-NoLED" description=""/>
      <sheetpath names="/" tstamps="/"/>
      <tstamp>00000171</tstamp>
    </comp>
    <comp ref="D_17">
      <value>D</value>
      <footprint>Diode_SMD:D_SOD-123</footprint>
      <datasheet>~</datasheet>
      <libsource lib="Device" part="D_Small" description="Diode, small symbol"/>
      <sheetpath names="/" tstamps="/"/>
      <tstamp>00000170</tstamp>
    </comp>
    <comp ref="K_18">
      <value>KEYSW</value>
      <footprint>MX_Only:MXOnly-1U-NoLED</footprint>
      <libsource lib="MX_Alps_Hybrid" part="MX-NoLED" description=""/>
      <sheetpath names="/" tstamps="/"/>
      <tstamp>00000181</tstamp>
    </comp>
    <comp ref="D_18">
      <value>D</value>
      <footprint>Diode_SMD:D_SOD-123</footprint>
      <datasheet>~</datasheet>
      <libsource lib="Device" part="D_Small" description="Diode, small symbol"/>
      <sheetpath names="/" tstamps="/"/>
      <tstamp>00000180</tstamp>
    </comp>
    <comp ref="K_19">
      <value>KEYSW</value>
      <footprint>MX_Only:MXOnly-1U-NoLED</footprint>
      <libsource lib="MX_Alps_Hybrid" part="MX-NoLED" description=""/>
      <sheetpath names="/" tstamps="/"/>
      <tstamp>00000191</tstamp>
    </comp>
    <comp ref="D_19">
      <value>D</value>
      <footprint>Diode_SMD:D_SOD-123</footprint>
      <datasheet>~</datasheet>
      <libsource lib="Device" part="D_Small" description="Diode, small symbol"/>
      <sheetpath names="/" tstamps="/"/>
      <tstamp>00000190</tstamp>
    </comp>
    <comp ref="K_20">
      <value>KEYSW</value>
      <footprint>MX_Only:MXOnly-1U-NoLED</footprint>
      <libsource lib="MX_Alps_Hybrid" part="MX-NoLED" description=""/>
      <sheetpath names="/" tstamps="/"/>
      <tstamp>00000201</tstamp>
    </comp>
    <comp ref="D_20">
      <value>D</value>
      <footprint>Diode_SMD:D_SOD-123</footprint>
      <datasheet>~</datasheet>
      <libsource lib="Device" part="D_Small" description="Diode, small symbol"/>
      <sheetpath names="/" tstamps="/"/>
      <tstamp>00000200</tstamp>
    </comp>
    <comp ref="K_21">
      <value>KEYSW</value>
      <footprint>MX_Only:MXOnly-1U-NoLED</footprint>
      <libsource lib="MX_Alps_Hybrid" part="MX-NoLED" description=""/>
      <sheetpath names="/" tstamps="/"/>
      <tstamp>00000211</tstamp>
    </comp>
    <comp ref="D_21">
      <value>D</value>
      <footprint>Diode_SMD:D_SOD-123</footprint>
      <datasheet>~</datasheet>
      <libsource lib="Device" part="D_Small" description="Diode, small symbol"/>
      <sheetpath names="/" tstamps="/"/>
      <tstamp>00000210</tstamp>
    </comp>
    <comp ref="K_22">
      <value>KEYSW</value>
      <footprint>MX_Only:MXOnly-1U-NoLED</footprint>
      <libsource lib="MX_Alps_Hybrid" part="MX-NoLED" description=""/>
      <sheetpath names="/" tstamps="/"/>
      <tstamp>00000221</tstamp>
    </comp>
    <comp ref="D_22">
      <value>D</value>
      <footprint>Diode_SMD:D_SOD-123</footprint>
      <datasheet>~</datasheet>
      <libsource lib="Device" part="D_Small" description="Diode, small symbol"/>
      <sheetpath names="/" tstamps="/"/>
      <tstamp>00000220</tstamp>
    </comp>
    <comp ref="K_23">
      <value>KEYSW</value>
      <footprint>MX_Only:MXOnly-1U-NoLED</footprint>
      <libsource lib="MX_Alps_Hybrid" part="MX-NoLED" description=""/>
      <sheetpath names="/" tstamps="/"/>
      <tstamp>00000231</tstamp>
    </comp>
    <comp ref="D_23">
      <value>D</value>
      <footprint>Diode_SMD:D_SOD-123</footprint>
      <datasheet>~</datasheet>
      <libsource lib="Device" part="D_Small" description="Diode, small symbol"/>
      <sheetpath names="/" tstamps="/"/>
      <tstamp>00000230</tstamp>
    </comp>
    <comp ref="K_24">
      <value>KEYSW</value>
      <footprint>MX_Only:MXOnly-1U-NoLED</footprint>
      <libsource lib="MX_Alps_Hybrid" part="MX-NoLED" description=""/>
      <sheetpath names="/" tstamps="/"/>
      <tstamp>00000241</tstamp>
    </comp>
    <comp ref="D_24">
      <value>D</value>
      <footprint>Diode_SMD:D_SOD-123</footprint>
      <datasheet>~</datasheet>
      <libsource lib="Device" part="D_Small" description="Diode, small symbol"/>
      <sheetpath names="/" tstamps="/"/>
      <tstamp>00000240</tstamp>
    </comp>
    <comp ref="K_25">
      <value>KEYSW</value>
      <footprint>MX_Only:MXOnly-1U-NoLED</footprint>
      <libsource lib="MX_Alps_Hybrid" part="MX-NoLED" description=""/>
      <sheetpath names="/" tstamps="/"/>
      <tstamp>00000251</tstamp>
    </comp>
    <comp ref="D_25">
      <value>D</value>
      <footprint>Diode_SMD:D_SOD-123</footprint>
      <datasheet>~</datasheet>
      <libsource lib="Device" part="D_Small" description="Diode, small symbol"/>
      <sheetpath names="/" tstamps="/"/>
      <tstamp>00000250</tstamp>
    </comp>
    <comp ref="K_26">
      <value>KEYSW</value>
      <footprint>MX_Only:MXOnly-1U-NoLED</footprint>
      <libsource lib="MX_Alps_Hybrid" part="MX-NoLED" description=""/>
      <sheetpath names="/" tstamps="/"/>
      <tstamp>00000261</tstamp>
    </comp>
    <comp ref="D_26">
      <value>D</value>
      <footprint>Diode_SMD:D_SOD-123</footprint>
      <datasheet>~</datasheet>
      <libsource lib="Device" part="D_Small" description="Diode, small symbol"/>
      <sheetpath names="/" tstamps="/"/>
      <tstamp>00000260</tstamp>
    </comp>
    <comp ref="K_27">
      <value>KEYSW</value>
      <footprint>MX_Only:MXOnly-1U-NoLED</footprint>
      <libsource lib="MX_Alps_Hybrid" part="MX-NoLED" description=""/>
      <sheetpath names="/" tstamps="/"/>
      <tstamp>00000271</tstamp>
    </comp>
    <comp ref="D_27">
      <value>D</value>
      <footprint>Diode_SMD:D_SOD-123</footprint>
      <datasheet>~</datasheet>
      <libsource lib="Device" part="D_Small" description="Diode, small symbol"/>
      <sheetpath names="/" tstamps="/"/>
      <tstamp>00000270</tstamp>
    </comp>
    <comp ref="K_28">
      <value>KEYSW</value>
      <footprint>MX_Only:MXOnly-1U-NoLED</footprint>
      <libsource lib="MX_Alps_Hybrid" part="MX-NoLED" description=""/>
      <sheetpath names="/" tstamps="/"/>
      <tstamp>00000281</tstamp>
    </comp>
    <comp ref="D_28">
      <value>D</value>
      <footprint>Diode_SMD:D_SOD-123</footprint>
      <datasheet>~</datasheet>
      <libsource lib="Device" part="D_Small" description="Diode, small symbol"/>
      <sheetpath names="/" tstamps="/"/>
      <tstamp>00000280</tstamp>
    </comp>
    <comp ref="K_29">
      <value>KEYSW</value>
      <footprint>MX_Only:MXOnly-1U-NoLED</footprint>
      <libsource lib="MX_Alps_Hybrid" part="MX-NoLED" description=""/>
      <sheetpath names="/" tstamps="/"/>
      <tstamp>00000291</tstamp>
    </comp>
    <comp ref="D_29">
      <value>D</value>
      <footprint>Diode_SMD:D_SOD-123</footprint>
      <datasheet>~</datasheet>
      <libsource lib="Device" part="D_Small" description="Diode, small symbol"/>
      <sheetpath names="/" tstamps="/"/>
      <tstamp>00000290</tstamp>
    </comp>
    <comp ref="K_30">
      <value>KEYSW</value>
      <footprint>MX_Only:MXOnly-1U-NoLED</footprint>
      <libsource lib="MX_Alps_Hybrid" part="MX-NoLED" description=""/>
      <sheetpath names="/" tstamps="/"/>
      <tstamp>00000301</tstamp>
    </comp>
    <comp ref="D_30">
      <value>D</value>
      <footprint>Diode_SMD:D_SOD-123</footprint>
      <datasheet>~</datasheet>
      <libsource lib="Device" part="D_Small" description="Diode, small symbol"/>
      <sheetpath names="/" tstamps="/"/>
      <tstamp>00000300</tstamp>
    </comp>
    <comp ref="K_31">
      <value>KEYSW</value>
      <footprint>MX_Only:MXOnly-1U-NoLED</footprint>
      <libsource lib="MX_Alps_Hybrid" part="MX-NoLED" description=""/>
      <sheetpath names="/" tstamps="/"/>
      <tstamp>00000311</tstamp>
    </comp>
    <comp ref="D_31">
      <value>D</value>
      <footprint>Diode_SMD:D_SOD-123</footprint>
      <datasheet>~</datasheet>
      <libsource lib="Device" part="D_Small" description="Diode, small symbol"/>
      <sheetpath names="/" tstamps="/"/>
      <tstamp>00000310</tstamp>
    </comp>
    <comp ref="K_32">
      <value>KEYSW</value>
      <footprint>MX_Only:MXOnly-2U-NoLED</footprint>
      <libsource lib="MX_Alps_Hybrid" part="MX-NoLED" description=""/>
      <sheetpath names="/" tstamps="/"/>
      <tstamp>00000321</tstamp>
    </comp>
    <comp ref="D_32">
      <value>D</value>
      <footprint>Diode_SMD:D_SOD-123</footprint>
      <datasheet>~</datasheet>
      <libsource lib="Device" part="D_Small" description="Diode, small symbol"/>
      <sheetpath names="/" tstamps="/"/>
      <tstamp>00000320</tstamp>
    </comp>
    <comp ref="K_33">
      <value>KEYSW</value>
      <footprint>MX_Only:MXOnly-1U-NoLED</footprint>
      <libsource lib="MX_Alps_Hybrid" part="MX-NoLED" description=""/>
      <sheetpath names="/" tstamps="/"/>
      <tstamp>00000331</tstamp>
    </comp>
    <comp ref="D_33">
      <value>D</value>
      <footprint>Diode_SMD:D_SOD-123</footprint>
      <datasheet>~</datasheet>
      <libsource lib="Device" part="D_Small" description="Diode, small symbol"/>
      <sheetpath names="/" tstamps="/"/>
      <tstamp>00000330</tstamp>
    </comp>
    <comp ref="K_34">
      <value>KEYSW</value>
      <footprint>MX_Only:MXOnly-1U-NoLED</footprint>
      <libsource lib="MX_Alps_Hybrid" part="MX-NoLED" description=""/>
      <sheetpath names="/" tstamps="/"/>
      <tstamp>00000341</tstamp>
    </comp>
    <comp ref="D_34">
      <value>D</value>
      <footprint>Diode_SMD:D_SOD-123</footprint>
      <datasheet>~</datasheet>
      <libsource lib="Device" part="D_Small" description="Diode, small symbol"/>
      <sheetpath names="/" tstamps="/"/>
      <tstamp>00000340</tstamp>
    </comp>
    <comp ref="K_35">
      <value>KEYSW</value>
      <footprint>MX_Only:MXOnly-1U-NoLED</footprint>
      <libsource lib="MX_Alps_Hybrid" part="MX-NoLED" description=""/>
      <sheetpath names="/" tstamps="/"/>
      <tstamp>00000351</tstamp>
    </comp>
    <comp ref="D_35">
      <value>D</value>
      <footprint>Diode_SMD:D_SOD-123</footprint>
      <datasheet>~</datasheet>
      <libsource lib="Device" part="D_Small" description="Diode, small symbol"/>
      <sheetpath names="/" tstamps="/"/>
      <tstamp>00000350</tstamp>
    </comp>
    <comp ref="K_36">
      <value>KEYSW</value>
      <footprint>MX_Only:MXOnly-1U-NoLED</footprint>
      <libsource lib="MX_Alps_Hybrid" part="MX-NoLED" description=""/>
      <sheetpath names="/" tstamps="/"/>
      <tstamp>00000361</tstamp>
    </comp>
    <comp ref="D_36">
      <value>D</value>
      <footprint>Diode_SMD:D_SOD-123</footprint>
      <datasheet>~</datasheet>
      <libsource lib="Device" part="D_Small" description="Diode, small symbol"/>
      <sheetpath names="/" tstamps="/"/>
      <tstamp>00000360</tstamp>
    </comp>
    <comp ref="K_37">
      <value>KEYSW</value>
      <footprint>MX_Only:MXOnly-1U-NoLED</footprint>
      <libsource lib="MX_Alps_Hybrid" part="MX-NoLED" description=""/>
      <sheetpath names="/" tstamps="/"/>
      <tstamp>00000371</tstamp>
    </comp>
    <comp ref="D_37">
      <value>D</value>
      <footprint>Diode_SMD:D_SOD-123</footprint>
      <datasheet>~</datasheet>
      <libsource lib="Device" part="D_Small" description="Diode, small symbol"/>
      <sheetpath names="/" tstamps="/"/>
      <tstamp>00000370</tstamp>
    </comp>
    <comp ref="K_38">
      <value>KEYSW</value>
      <footprint>MX_Only:MXOnly-1U-NoLED</footprint>
      <libsource lib="MX_Alps_Hybrid" part="MX-NoLED" description=""/>
      <sheetpath names="/" tstamps="/"/>
      <tstamp>00000381</tstamp>
    </comp>
    <comp ref="D_38">
      <value>D</value>
      <footprint>Diode_SMD:D_SOD-123</footprint>
      <datasheet>~</datasheet>
      <libsource lib="Device" part="D_Small" description="Diode, small symbol"/>
      <sheetpath names="/" tstamps="/"/>
      <tstamp>00000380</tstamp>
    </comp>
    <comp ref="K_39">
      <value>KEYSW</value>
      <footprint>MX_Only:MXOnly-1U-NoLED</footprint>
      <libsource lib="MX_Alps_Hybrid" part="MX-NoLED" description=""/>
      <sheetpath names="/" tstamps="/"/>
      <tstamp>00000391</tstamp>
    </comp>
    <comp ref="D_39">
      <value>D</value>
      <footprint>Diode_SMD:D_SOD-123</footprint>
      <datasheet>~</datasheet>
      <libsource lib="Device" part="D_Small" description="Diode, small symbol"/>
      <sheetpath names="/" tstamps="/"/>
      <tstamp>00000390</tstamp>
    </comp>
    <comp ref="K_40">
      <value>KEYSW</value>
      <footprint>MX_Only:MXOnly-1U-NoLED</footprint>
      <libsource lib="MX_Alps_Hybrid" part="MX-NoLED" description=""/>
      <sheetpath names="/" tstamps="/"/>
      <tstamp>00000401</tstamp>
    </comp>
    <comp ref="D_40">
      <value>D</value>
      <footprint>Diode_SMD:D_SOD-123</footprint>
      <datasheet>~</datasheet>
      <libsource lib="Device" part="D_Small" description="Diode, small symbol"/>
      <sheetpath names="/" tstamps="/"/>
      <tstamp>00000400</tstamp>
    </comp>
    <comp ref="K_41">
      <value>KEYSW</value>
      <footprint>MX_Only:MXOnly-1U-NoLED</footprint>
      <libsource lib="MX_Alps_Hybrid" part="MX-NoLED" description=""/>
      <sheetpath names="/" tstamps="/"/>
      <tstamp>00000411</tstamp>
    </comp>
    <comp ref="D_41">
      <value>D</value>
      <footprint>Diode_SMD:D_SOD-123</footprint>
      <datasheet>~</datasheet>
      <libsource lib="Device" part="D_Small" description="Diode, small symbol"/>
      <sheetpath names="/" tstamps="/"/>
      <tstamp>00000410</tstamp>
    </comp>
    <comp ref="K_42">
      <value>KEYSW</value>
      <footprint>MX_Only:MXOnly-1U-NoLED</footprint>
      <libsource lib="MX_Alps_Hybrid" part="MX-NoLED" description=""/>
      <sheetpath names="/" tstamps="/"/>
      <tstamp>00000421</tstamp>
    </comp>
    <comp ref="D_42">
      <value>D</value>
      <footprint>Diode_SMD:D_SOD-123</footprint>
      <datasheet>~</datasheet>
      <libsource lib="Device" part="D_Small" description="Diode, small symbol"/>
      <sheetpath names="/" tstamps="/"/>
      <tstamp>00000420</tstamp>
    </comp>
    <comp ref="K_43">
      <value>KEYSW</value>
      <footprint>MX_Only:MXOnly-1U-NoLED</footprint>
      <libsource lib="MX_Alps_Hybrid" part="MX-NoLED" description=""/>
      <sheetpath names="/" tstamps="/"/>
      <tstamp>00000431</tstamp>
    </comp>
    <comp ref="D_43">
      <value>D</value>
      <footprint>Diode_SMD:D_SOD-123</footprint>
      <datasheet>~</datasheet>
      <libsource lib="Device" part="D_Small" description="Diode, small symbol"/>
      <sheetpath names="/" tstamps="/"/>
      <tstamp>00000430</tstamp>
    </comp>
    <comp ref="K_44">
      <value>KEYSW</value>
      <footprint>MX_Only:MXOnly-1U-NoLED</footprint>
      <libsource lib="MX_Alps_Hybrid" part="MX-NoLED" description=""/>
      <sheetpath names="/" tstamps="/"/>
      <tstamp>00000441</tstamp>
    </comp>
    <comp ref="D_44">
      <value>D</value>
      <footprint>Diode_SMD:D_SOD-123</footprint>
      <datasheet>~</datasheet>
      <libsource lib="Device" part="D_Small" description="Diode, small symbol"/>
      <sheetpath names="/" tstamps="/"/>
      <tstamp>00000440</tstamp>
    </comp>
    <comp ref="K_45">
      <value>KEYSW</value>
      <footprint>MX_Only:MXOnly-1U-NoLED</footprint>
      <libsource lib="MX_Alps_Hybrid" part="MX-NoLED" description=""/>
      <sheetpath names="/" tstamps="/"/>
      <tstamp>00000451</tstamp>
    </comp>
    <comp ref="D_45">
      <value>D</value>
      <footprint>Diode_SMD:D_SOD-123</footprint>
      <datasheet>~</datasheet>
      <libsource lib="Device" part="D_Small" description="Diode, small symbol"/>
      <sheetpath names="/" tstamps="/"/>
      <tstamp>00000450</tstamp>
    </comp>
    <comp ref="K_46">
      <value>KEYSW</value>
      <footprint>MX_Only:MXOnly-1U-NoLED</footprint>
      <libsource lib="MX_Alps_Hybrid" part="MX-NoLED" description=""/>
      <sheetpath names="/" tstamps="/"/>
      <tstamp>00000461</tstamp>
    </comp>
    <comp ref="D_46">
      <value>D</value>
      <footprint>Diode_SMD:D_SOD-123</footprint>
      <datasheet>~</datasheet>
      <libsource lib="Device" part="D_Small" description="Diode, small symbol"/>
      <sheetpath names="/" tstamps="/"/>
      <tstamp>00000460</tstamp>
    </comp>
    <comp ref="K_47">
      <value>KEYSW</value>
      <footprint>MX_Only:MXOnly-1U-NoLED</footprint>
      <libsource lib="MX_Alps_Hybrid" part="MX-NoLED" description=""/>
      <sheetpath names="/" tstamps="/"/>
      <tstamp>00000471</tstamp>
    </comp>
    <comp ref="D_47">
      <value>D</value>
      <footprint>Diode_SMD:D_SOD-123</footprint>
      <datasheet>~</datasheet>
      <libsource lib="Device" part="D_Small" description="Diode, small symbol"/>
      <sheetpath names="/" tstamps="/"/>
      <tstamp>00000470</tstamp>
    </comp>
    <comp ref="K_48">
      <value>KEYSW</value>
      <footprint>MX_Only:MXOnly-1U-NoLED</footprint>
      <libsource lib="MX_Alps_Hybrid" part="MX-NoLED" description=""/>
      <sheetpath names="/" tstamps="/"/>
      <tstamp>00000481</tstamp>
    </comp>
    <comp ref="D_48">
      <value>D</value>
      <footprint>Diode_SMD:D_SOD-123</footprint>
      <datasheet>~</datasheet>
      <libsource lib="Device" part="D_Small" description="Diode, small symbol"/>
      <sheetpath names="/" tstamps="/"/>
      <tstamp>00000480</tstamp>
    </comp>
    <comp ref="K_49">
      <value>KEYSW</value>
      <footprint>MX_Only:MXOnly-1U-NoLED</footprint>
      <libsource lib="MX_Alps_Hybrid" part="MX-NoLED" description=""/>
      <sheetpath names="/" tstamps="/"/>
      <tstamp>00000491</tstamp>
    </comp>
    <comp ref="D_49">
      <value>D</value>
      <footprint>Diode_SMD:D_SOD-123</footprint>
      <datasheet>~</datasheet>
      <libsource lib="Device" part="D_Small" description="Diode, small symbol"/>
      <sheetpath names="/" tstamps="/"/>
      <tstamp>00000490</tstamp>
    </comp>
    <comp ref="K_50">
      <value>KEYSW</value>
      <footprint>MX_Only:MXOnly-1U-NoLED</footprint>
      <libsource lib="MX_Alps_Hybrid" part="MX-NoLED" description=""/>
      <sheetpath names="/" tstamps="/"/>
      <tstamp>00000501</tstamp>
    </comp>
    <comp ref="D_50">
      <value>D</value>
      <footprint>Diode_SMD:D_SOD-123</footprint>
      <datasheet>~</datasheet>
      <libsource lib="Device" part="D_Small" description="Diode, small symbol"/>
      <sheetpath names="/" tstamps="/"/>
      <tstamp>00000500</tstamp>
    </comp>
    <comp ref="K_51">
      <value>KEYSW</value>
      <footprint>MX_Only:MXOnly-1U-NoLED</footprint>
      <libsource lib="MX_Alps_Hybrid" part="MX-NoLED" description=""/>
      <sheetpath names="/" tstamps="/"/>
      <tstamp>00000511</tstamp>
    </comp>
    <comp ref="D_51">
      <value>D</value>
      <footprint>Diode_SMD:D_SOD-123</footprint>
      <datasheet>~</datasheet>
      <libsource lib="Device" part="D_Small" description="Diode, small symbol"/>
      <sheetpath names="/" tstamps="/"/>
      <tstamp>00000510</tstamp>
    </comp>
    <comp ref="K_52">
      <value>KEYSW</value>
      <footprint>MX_Only:MXOnly-1U-NoLED</footprint>
      <libsource lib="MX_Alps_Hybrid" part="MX-NoLED" description=""/>
      <sheetpath names="/" tstamps="/"/>
      <tstamp>00000521</tstamp>
    </comp>
    <comp ref="D_52">
      <value>D</value>
      <footprint>Diode_SMD:D_SOD-123</footprint>
      <datasheet>~</datasheet>
      <libsource lib="Device" part="D_Small" description="Diode, small symbol"/>
      <sheetpath names="/" tstamps="/"/>
      <tstamp>00000520</tstamp>
    </comp>
    <comp ref="K_53">
      <value>KEYSW</value>
      <footprint>MX_Only:MXOnly-1U-NoLED</footprint>
      <libsource lib="MX_Alps_Hybrid" part="MX-NoLED" description=""/>
      <sheetpath names="/" tstamps="/"/>
      <tstamp>00000531</tstamp>
    </comp>
    <comp ref="D_53">
      <value>D</value>
      <footprint>Diode_SMD:D_SOD-123</footprint>
      <datasheet>~</datasheet>
      <libsource lib="Device" part="D_Small" description="Diode, small symbol"/>
      <sheetpath names="/" tstamps="/"/>
      <tstamp>00000530</tstamp>
    </comp>
    <comp ref="K_55">
      <value>KEYSW</value>
      <footprint>MX_Only:MXOnly-1U-NoLED</footprint>
      <libsource lib="MX_Alps_Hybrid" part="MX-NoLED" description=""/>
      <sheetpath names="/" tstamps="/"/>
      <tstamp>00000551</tstamp>
    </comp>
    <comp ref="D_55">
      <value>D</value>
      <footprint>Diode_SMD:D_SOD-123</footprint>
      <datasheet>~</datasheet>
      <libsource lib="Device" part="D_Small" description="Diode, small symbol"/>
      <sheetpath names="/" tstamps="/"/>
      <tstamp>00000550</tstamp>
    </comp>
    <comp ref="K_56">
      <value>KEYSW</value>
      <footprint>MX_Only:MXOnly-1U-NoLED</footprint>
      <libsource lib="MX_Alps_Hybrid" part="MX-NoLED" description=""/>
      <sheetpath names="/" tstamps="/"/>
      <tstamp>00000561</tstamp>
    </comp>
    <comp ref="D_56">
      <value>D</value>
      <footprint>Diode_SMD:D_SOD-123</footprint>
      <datasheet>~</datasheet>
      <libsource lib="Device" part="D_Small" description="Diode, small symbol"/>
      <sheetpath names="/" tstamps="/"/>
      <tstamp>00000560</tstamp>
    </comp>
    <comp ref="K_57">
      <value>KEYSW</value>
      <footprint>MX_Only:MXOnly-1U-NoLED</footprint>
      <libsource lib="MX_Alps_Hybrid" part="MX-NoLED" description=""/>
      <sheetpath names="/" tstamps="/"/>
      <tstamp>00000571</tstamp>
    </comp>
    <comp ref="D_57">
      <value>D</value>
      <footprint>Diode_SMD:D_SOD-123</footprint>
      <datasheet>~</datasheet>
      <libsource lib="Device" part="D_Small" description="Diode, small symbol"/>
      <sheetpath names="/" tstamps="/"/>
      <tstamp>00000570</tstamp>
    </comp>
    <comp ref="K_58">
      <value>KEYSW</value>
      <footprint>MX_Only:MXOnly-1U-NoLED</footprint>
      <libsource lib="MX_Alps_Hybrid" part="MX-NoLED" description=""/>
      <sheetpath names="/" tstamps="/"/>
      <tstamp>00000581</tstamp>
    </comp>
    <comp ref="D_58">
      <value>D</value>
      <footprint>Diode_SMD:D_SOD-123</footprint>
      <datasheet>~</datasheet>
      <libsource lib="Device" part="D_Small" description="Diode, small symbol"/>
      <sheetpath names="/" tstamps="/"/>
      <tstamp>00000580</tstamp>
    </comp>
    <comp ref="K_59">
      <value>KEYSW</value>
      <footprint>MX_Only:MXOnly-1U-NoLED</footprint>
      <libsource lib="MX_Alps_Hybrid" part="MX-NoLED" description=""/>
      <sheetpath names="/" tstamps="/"/>
      <tstamp>00000591</tstamp>
    </comp>
    <comp ref="D_59">
      <value>D</value>
      <footprint>Diode_SMD:D_SOD-123</footprint>
      <datasheet>~</datasheet>
      <libsource lib="Device" part="D_Small" description="Diode, small symbol"/>
      <sheetpath names="/" tstamps="/"/>
      <tstamp>00000590</tstamp>
    </comp>
    <comp ref="K_60">
      <value>KEYSW</value>
      <footprint>MX_Only:MXOnly-1U-NoLED</footprint>
      <libsource lib="MX_Alps_Hybrid" part="MX-NoLED" description=""/>
      <sheetpath names="/" tstamps="/"/>
      <tstamp>00000601</tstamp>
    </comp>
    <comp ref="D_60">
      <value>D</value>
      <footprint>Diode_SMD:D_SOD-123</footprint>
      <datasheet>~</datasheet>
      <libsource lib="Device" part="D_Small" description="Diode, small symbol"/>
      <sheetpath names="/" tstamps="/"/>
      <tstamp>00000600</tstamp>
    </comp>
    <comp ref="K_61">
      <value>KEYSW</value>
      <footprint>MX_Only:MXOnly-1U-NoLED</footprint>
      <libsource lib="MX_Alps_Hybrid" part="MX-NoLED" description=""/>
      <sheetpath names="/" tstamps="/"/>
      <tstamp>00000611</tstamp>
    </comp>
    <comp ref="D_61">
      <value>D</value>
      <footprint>Diode_SMD:D_SOD-123</footprint>
      <datasheet>~</datasheet>
      <libsource lib="Device" part="D_Small" description="Diode, small symbol"/>
      <sheetpath names="/" tstamps="/"/>
      <tstamp>00000610</tstamp>
    </comp>
    <comp ref="K_62">
      <value>KEYSW</value>
      <footprint>MX_Only:MXOnly-1U-NoLED</footprint>
      <libsource lib="MX_Alps_Hybrid" part="MX-NoLED" description=""/>
      <sheetpath names="/" tstamps="/"/>
      <tstamp>00000621</tstamp>
    </comp>
    <comp ref="D_62">
      <value>D</value>
      <footprint>Diode_SMD:D_SOD-123</footprint>
      <datasheet>~</datasheet>
      <libsource lib="Device" part="D_Small" description="Diode, small symbol"/>
      <sheetpath names="/" tstamps="/"/>
      <tstamp>00000620</tstamp>
    </comp>
    <comp ref="K_63">
      <value>KEYSW</value>
      <footprint>MX_Only:MXOnly-1U-NoLED</footprint>
      <libsource lib="MX_Alps_Hybrid" part="MX-NoLED" description=""/>
      <sheetpath names="/" tstamps="/"/>
      <tstamp>00000631</tstamp>
    </comp>
    <comp ref="D_63">
      <value>D</value>
      <footprint>Diode_SMD:D_SOD-123</footprint>
      <datasheet>~</datasheet>
      <libsource lib="Device" part="D_Small" description="Diode, small symbol"/>
      <sheetpath names="/" tstamps="/"/>
      <tstamp>00000630</tstamp>
    </comp>
    <comp ref="K_64">
      <value>KEYSW</value>
      <footprint>MX_Only:MXOnly-1U-NoLED</footprint>
      <libsource lib="MX_Alps_Hybrid" part="MX-NoLED" description=""/>
      <sheetpath names="/" tstamps="/"/>
      <tstamp>00000641</tstamp>
    </comp>
    <comp ref="D_64">
      <value>D</value>
      <footprint>Diode_SMD:D_SOD-123</footprint>
      <datasheet>~</datasheet>
      <libsource lib="Device" part="D_Small" description="Diode, small symbol"/>
      <sheetpath names="/" tstamps="/"/>
      <tstamp>00000640</tstamp>
    </comp>
    <comp ref="K_65">
      <value>KEYSW</value>
      <footprint>MX_Only:MXOnly-1U-NoLED</footprint>
      <libsource lib="MX_Alps_Hybrid" part="MX-NoLED" description=""/>
      <sheetpath names="/" tstamps="/"/>
      <tstamp>00000651</tstamp>
    </comp>
    <comp ref="D_65">
      <value>D</value>
      <footprint>Diode_SMD:D_SOD-123</footprint>
      <datasheet>~</datasheet>
      <libsource lib="Device" part="D_Small" description="Diode, small symbol"/>
      <sheetpath names="/" tstamps="/"/>
      <tstamp>00000650</tstamp>
    </comp>
    <comp ref="K_66">
      <value>KEYSW</value>
      <footprint>MX_Only:MXOnly-1U-NoLED</footprint>
      <libsource lib="MX_Alps_Hybrid" part="MX-NoLED" description=""/>
      <sheetpath names="/" tstamps="/"/>
      <tstamp>00000661</tstamp>
    </comp>
    <comp ref="D_66">
      <value>D</value>
      <footprint>Diode_SMD:D_SOD-123</footprint>
      <datasheet>~</datasheet>
      <libsource lib="Device" part="D_Small" description="Diode, small symbol"/>
      <sheetpath names="/" tstamps="/"/>
      <tstamp>00000660</tstamp>
    </comp>
    <comp ref="K_67">
      <value>KEYSW</value>
      <footprint>MX_Only:MXOnly-2.25U-NoLED</footprint>
      <libsource lib="MX_Alps_Hybrid" part="MX-NoLED" description=""/>
      <sheetpath names="/" tstamps="/"/>
      <tstamp>00000671</tstamp>
    </comp>
    <comp ref="D_67">
      <value>D</value>
      <footprint>Diode_SMD:D_SOD-123</footprint>
      <datasheet>~</datasheet>
      <libsource lib="Device" part="D_Small" description="Diode, small symbol"/>
      <sheetpath names="/" tstamps="/"/>
      <tstamp>00000670</tstamp>
    </comp>
    <comp ref="K_68">
      <value>KEYSW</value>
      <footprint>MX_Only:MXOnly-1U-NoLED</footprint>
      <libsource lib="MX_Alps_Hybrid" part="MX-NoLED" description=""/>
      <sheetpath names="/" tstamps="/"/>
      <tstamp>00000681</tstamp>
    </comp>
    <comp ref="D_68">
      <value>D</value>
      <footprint>Diode_SMD:D_SOD-123</footprint>
      <datasheet>~</datasheet>
      <libsource lib="Device" part="D_Small" description="Diode, small symbol"/>
      <sheetpath names="/" tstamps="/"/>
      <tstamp>00000680</tstamp>
    </comp>
    <comp ref="K_69">
      <value>KEYSW</value>
      <footprint>MX_Only:MXOnly-1U-NoLED</footprint>
      <libsource lib="MX_Alps_Hybrid" part="MX-NoLED" description=""/>
      <sheetpath names="/" tstamps="/"/>
      <tstamp>00000691</tstamp>
    </comp>
    <comp ref="D_69">
      <value>D</value>
      <footprint>Diode_SMD:D_SOD-123</footprint>
      <datasheet>~</datasheet>
      <libsource lib="Device" part="D_Small" description="Diode, small symbol"/>
      <sheetpath names="/" tstamps="/"/>
      <tstamp>00000690</tstamp>
    </comp>
    <comp ref="K_70">
      <value>KEYSW</value>
      <footprint>MX_Only:MXOnly-1U-NoLED</footprint>
      <libsource lib="MX_Alps_Hybrid" part="MX-NoLED" description=""/>
      <sheetpath names="/" tstamps="/"/>
      <tstamp>00000701</tstamp>
    </comp>
    <comp ref="D_70">
      <value>D</value>
      <footprint>Diode_SMD:D_SOD-123</footprint>
      <datasheet>~</datasheet>
      <libsource lib="Device" part="D_Small" description="Diode, small symbol"/>
      <sheetpath names="/" tstamps="/"/>
      <tstamp>00000700</tstamp>
    </comp>
    <comp ref="K_54">
      <value>KEYSW</value>
      <footprint>MX_Only:MXOnly-2U-NoLED</footprint>
      <libsource lib="MX_Alps_Hybrid" part="MX-NoLED" description=""/>
      <sheetpath names="/" tstamps="/"/>
      <tstamp>00000541</tstamp>
    </comp>
    <comp ref="D_54">
      <value>D</value>
      <footprint>Diode_SMD:D_SOD-123</footprint>
      <datasheet>~</datasheet>
      <libsource lib="Device" part="D_Small" description="Diode, small symbol"/>
      <sheetpath names="/" tstamps="/"/>
      <tstamp>00000540</tstamp>
    </comp>
    <comp ref="D_71">
      <value>D</value>
      <footprint>Diode_SMD:D_SOD-123</footprint>
      <datasheet>~</datasheet>
      <libsource lib="Device" part="D_Small" description="Diode, small symbol"/>
      <sheetpath names="/" tstamps="/"/>
      <tstamp>00000710</tstamp>
    </comp>
    <comp ref="K_72">
      <value>KEYSW</value>
      <footprint>MX_Only:MXOnly-1U-NoLED</footprint>
      <libsource lib="MX_Alps_Hybrid" part="MX-NoLED" description=""/>
      <sheetpath names="/" tstamps="/"/>
      <tstamp>00000721</tstamp>
    </comp>
    <comp ref="D_72">
      <value>D</value>
      <footprint>Diode_SMD:D_SOD-123</footprint>
      <datasheet>~</datasheet>
      <libsource lib="Device" part="D_Small" description="Diode, small symbol"/>
      <sheetpath names="/" tstamps="/"/>
      <tstamp>00000720</tstamp>
    </comp>
    <comp ref="K_73">
      <value>KEYSW</value>
      <footprint>MX_Only:MXOnly-1U-NoLED</footprint>
      <libsource lib="MX_Alps_Hybrid" part="MX-NoLED" description=""/>
      <sheetpath names="/" tstamps="/"/>
      <tstamp>00000731</tstamp>
    </comp>
    <comp ref="D_73">
      <value>D</value>
      <footprint>Diode_SMD:D_SOD-123</footprint>
      <datasheet>~</datasheet>
      <libsource lib="Device" part="D_Small" description="Diode, small symbol"/>
      <sheetpath names="/" tstamps="/"/>
      <tstamp>00000730</tstamp>
    </comp>
    <comp ref="K_74">
      <value>KEYSW</value>
      <footprint>MX_Only:MXOnly-1U-NoLED</footprint>
      <libsource lib="MX_Alps_Hybrid" part="MX-NoLED" description=""/>
      <sheetpath names="/" tstamps="/"/>
      <tstamp>00000741</tstamp>
    </comp>
    <comp ref="D_74">
      <value>D</value>
      <footprint>Diode_SMD:D_SOD-123</footprint>
      <datasheet>~</datasheet>
      <libsource lib="Device" part="D_Small" description="Diode, small symbol"/>
      <sheetpath names="/" tstamps="/"/>
      <tstamp>00000740</tstamp>
    </comp>
    <comp ref="K_75">
      <value>KEYSW</value>
      <footprint>MX_Only:MXOnly-1U-NoLED</footprint>
      <libsource lib="MX_Alps_Hybrid" part="MX-NoLED" description=""/>
      <sheetpath names="/" tstamps="/"/>
      <tstamp>00000751</tstamp>
    </comp>
    <comp ref="D_75">
      <value>D</value>
      <footprint>Diode_SMD:D_SOD-123</footprint>
      <datasheet>~</datasheet>
      <libsource lib="Device" part="D_Small" description="Diode, small symbol"/>
      <sheetpath names="/" tstamps="/"/>
      <tstamp>00000750</tstamp>
    </comp>
    <comp ref="K_76">
      <value>KEYSW</value>
      <footprint>MX_Only:MXOnly-1U-NoLED</footprint>
      <libsource lib="MX_Alps_Hybrid" part="MX-NoLED" description=""/>
      <sheetpath names="/" tstamps="/"/>
      <tstamp>00000761</tstamp>
    </comp>
    <comp ref="D_76">
      <value>D</value>
      <footprint>Diode_SMD:D_SOD-123</footprint>
      <datasheet>~</datasheet>
      <libsource lib="Device" part="D_Small" description="Diode, small symbol"/>
      <sheetpath names="/" tstamps="/"/>
      <tstamp>00000760</tstamp>
    </comp>
    <comp ref="K_77">
      <value>KEYSW</value>
      <footprint>MX_Only:MXOnly-1U-NoLED</footprint>
      <libsource lib="MX_Alps_Hybrid" part="MX-NoLED" description=""/>
      <sheetpath names="/" tstamps="/"/>
      <tstamp>00000771</tstamp>
    </comp>
    <comp ref="D_77">
      <value>D</value>
      <footprint>Diode_SMD:D_SOD-123</footprint>
      <datasheet>~</datasheet>
      <libsource lib="Device" part="D_Small" description="Diode, small symbol"/>
      <sheetpath names="/" tstamps="/"/>
      <tstamp>00000770</tstamp>
    </comp>
    <comp ref="K_78">
      <value>KEYSW</value>
      <footprint>MX_Only:MXOnly-1U-NoLED</footprint>
      <libsource lib="MX_Alps_Hybrid" part="MX-NoLED" description=""/>
      <sheetpath names="/" tstamps="/"/>
      <tstamp>00000781</tstamp>
    </comp>
    <comp ref="D_78">
      <value>D</value>
      <footprint>Diode_SMD:D_SOD-123</footprint>
      <datasheet>~</datasheet>
      <libsource lib="Device" part="D_Small" description="Diode, small symbol"/>
      <sheetpath names="/" tstamps="/"/>
      <tstamp>00000780</tstamp>
    </comp>
    <comp ref="K_79">
      <value>KEYSW</value>
      <footprint>MX_Only:MXOnly-1U-NoLED</footprint>
      <libsource lib="MX_Alps_Hybrid" part="MX-NoLED" description=""/>
      <sheetpath names="/" tstamps="/"/>
      <tstamp>00000791</tstamp>
    </comp>
    <comp ref="D_79">
      <value>D</value>
      <footprint>Diode_SMD:D_SOD-123</footprint>
      <datasheet>~</datasheet>
      <libsource lib="Device" part="D_Small" description="Diode, small symbol"/>
      <sheetpath names="/" tstamps="/"/>
      <tstamp>00000790</tstamp>
    </comp>
    <comp ref="K_80">
      <value>KEYSW</value>
      <footprint>MX_Only:MXOnly-1U-NoLED</footprint>
      <libsource lib="MX_Alps_Hybrid" part="MX-NoLED" description=""/>
      <sheetpath names="/" tstamps="/"/>
      <tstamp>00000801</tstamp>
    </comp>
    <comp ref="D_80">
      <value>D</value>
      <footprint>Diode_SMD:D_SOD-123</footprint>
      <datasheet>~</datasheet>
      <libsource lib="Device" part="D_Small" description="Diode, small symbol"/>
      <sheetpath names="/" tstamps="/"/>
      <tstamp>00000800</tstamp>
    </comp>
    <comp ref="K_81">
      <value>KEYSW</value>
      <footprint>MX_Only:MXOnly-1U-NoLED</footprint>
      <libsource lib="MX_Alps_Hybrid" part="MX-NoLED" description=""/>
      <sheetpath names="/" tstamps="/"/>
      <tstamp>00000811</tstamp>
    </comp>
    <comp ref="D_81">
      <value>D</value>
      <footprint>Diode_SMD:D_SOD-123</footprint>
      <datasheet>~</datasheet>
      <libsource lib="Device" part="D_Small" description="Diode, small symbol"/>
      <sheetpath names="/" tstamps="/"/>
      <tstamp>00000810</tstamp>
    </comp>
    <comp ref="K_82">
      <value>KEYSW</value>
      <footprint>MX_Only:MXOnly-1.75U-NoLED</footprint>
      <libsource lib="MX_Alps_Hybrid" part="MX-NoLED" description=""/>
      <sheetpath names="/" tstamps="/"/>
      <tstamp>00000821</tstamp>
    </comp>
    <comp ref="D_82">
      <value>D</value>
      <footprint>Diode_SMD:D_SOD-123</footprint>
      <datasheet>~</datasheet>
      <libsource lib="Device" part="D_Small" description="Diode, small symbol"/>
      <sheetpath names="/" tstamps="/"/>
      <tstamp>00000820</tstamp>
    </comp>
    <comp ref="K_83">
      <value>KEYSW</value>
      <footprint>MX_Only:MXOnly-1U-NoLED</footprint>
      <libsource lib="MX_Alps_Hybrid" part="MX-NoLED" description=""/>
      <sheetpath names="/" tstamps="/"/>
      <tstamp>00000831</tstamp>
    </comp>
    <comp ref="D_83">
      <value>D</value>
      <footprint>Diode_SMD:D_SOD-123</footprint>
      <datasheet>~</datasheet>
      <libsource lib="Device" part="D_Small" description="Diode, small symbol"/>
      <sheetpath names="/" tstamps="/"/>
      <tstamp>00000830</tstamp>
    </comp>
    <comp ref="K_84">
      <value>KEYSW</value>
      <footprint>MX_Only:MXOnly-1U-NoLED</footprint>
      <libsource lib="MX_Alps_Hybrid" part="MX-NoLED" description=""/>
      <sheetpath names="/" tstamps="/"/>
      <tstamp>00000841</tstamp>
    </comp>
    <comp ref="D_84">
      <value>D</value>
      <footprint>Diode_SMD:D_SOD-123</footprint>
      <datasheet>~</datasheet>
      <libsource lib="Device" part="D_Small" description="Diode, small symbol"/>
      <sheetpath names="/" tstamps="/"/>
      <tstamp>00000840</tstamp>
    </comp>
    <comp ref="K_85">
      <value>KEYSW</value>
      <footprint>MX_Only:MXOnly-1U-NoLED</footprint>
      <libsource lib="MX_Alps_Hybrid" part="MX-NoLED" description=""/>
      <sheetpath names="/" tstamps="/"/>
      <tstamp>00000851</tstamp>
    </comp>
    <comp ref="D_85">
      <value>D</value>
      <footprint>Diode_SMD:D_SOD-123</footprint>
      <datasheet>~</datasheet>
      <libsource lib="Device" part="D_Small" description="Diode, small symbol"/>
      <sheetpath names="/" tstamps="/"/>
      <tstamp>00000850</tstamp>
    </comp>
    <comp ref="K_86">
      <value>KEYSW</value>
      <footprint>MX_Only:MXOnly-1U-NoLED</footprint>
      <libsource lib="MX_Alps_Hybrid" part="MX-NoLED" description=""/>
      <sheetpath names="/" tstamps="/"/>
      <tstamp>00000861</tstamp>
    </comp>
    <comp ref="D_86">
      <value>D</value>
      <footprint>Diode_SMD:D_SOD-123</footprint>
      <datasheet>~</datasheet>
      <libsource lib="Device" part="D_Small" description="Diode, small symbol"/>
      <sheetpath names="/" tstamps="/"/>
      <tstamp>00000860</tstamp>
    </comp>
    <comp ref="K_88">
      <value>KEYSW</value>
      <footprint>MX_Only:MXOnly-1U-NoLED</footprint>
      <libsource lib="MX_Alps_Hybrid" part="MX-NoLED" description=""/>
      <sheetpath names="/" tstamps="/"/>
      <tstamp>00000881</tstamp>
    </comp>
    <comp ref="D_88">
      <value>D</value>
      <footprint>Diode_SMD:D_SOD-123</footprint>
      <datasheet>~</datasheet>
      <libsource lib="Device" part="D_Small" description="Diode, small symbol"/>
      <sheetpath names="/" tstamps="/"/>
      <tstamp>00000880</tstamp>
    </comp>
    <comp ref="K_89">
      <value>KEYSW</value>
      <footprint>MX_Only:MXOnly-1U-NoLED</footprint>
      <libsource lib="MX_Alps_Hybrid" part="MX-NoLED" description=""/>
      <sheetpath names="/" tstamps="/"/>
      <tstamp>00000891</tstamp>
    </comp>
    <comp ref="D_89">
      <value>D</value>
      <footprint>Diode_SMD:D_SOD-123</footprint>
      <datasheet>~</datasheet>
      <libsource lib="Device" part="D_Small" description="Diode, small symbol"/>
      <sheetpath names="/" tstamps="/"/>
      <tstamp>00000890</tstamp>
    </comp>
    <comp ref="K_90">
      <value>KEYSW</value>
      <footprint>MX_Only:MXOnly-1U-NoLED</footprint>
      <libsource lib="MX_Alps_Hybrid" part="MX-NoLED" description=""/>
      <sheetpath names="/" tstamps="/"/>
      <tstamp>00000901</tstamp>
    </comp>
    <comp ref="D_90">
      <value>D</value>
      <footprint>Diode_SMD:D_SOD-123</footprint>
      <datasheet>~</datasheet>
      <libsource lib="Device" part="D_Small" description="Diode, small symbol"/>
      <sheetpath names="/" tstamps="/"/>
      <tstamp>00000900</tstamp>
    </comp>
    <comp ref="K_91">
      <value>KEYSW</value>
      <footprint>MX_Only:MXOnly-2.25U-NoLED</footprint>
      <libsource lib="MX_Alps_Hybrid" part="MX-NoLED" description=""/>
      <sheetpath names="/" tstamps="/"/>
      <tstamp>00000911</tstamp>
    </comp>
    <comp ref="D_91">
      <value>D</value>
      <footprint>Diode_SMD:D_SOD-123</footprint>
      <datasheet>~</datasheet>
      <libsource lib="Device" part="D_Small" description="Diode, small symbol"/>
      <sheetpath names="/" tstamps="/"/>
      <tstamp>00000910</tstamp>
    </comp>
    <comp ref="K_92">
      <value>KEYSW</value>
      <footprint>MX_Only:MXOnly-1U-NoLED</footprint>
      <libsource lib="MX_Alps_Hybrid" part="MX-NoLED" description=""/>
      <sheetpath names="/" tstamps="/"/>
      <tstamp>00000921</tstamp>
    </comp>
    <comp ref="D_92">
      <value>D</value>
      <footprint>Diode_SMD:D_SOD-123</footprint>
      <datasheet>~</datasheet>
      <libsource lib="Device" part="D_Small" description="Diode, small symbol"/>
      <sheetpath names="/" tstamps="/"/>
      <tstamp>00000920</tstamp>
    </comp>
    <comp ref="K_93">
      <value>KEYSW</value>
      <footprint>MX_Only:MXOnly-3U-NoLED</footprint>
      <libsource lib="MX_Alps_Hybrid" part="MX-NoLED" description=""/>
      <sheetpath names="/" tstamps="/"/>
      <tstamp>00000931</tstamp>
    </comp>
    <comp ref="D_93">
      <value>D</value>
      <footprint>Diode_SMD:D_SOD-123</footprint>
      <datasheet>~</datasheet>
      <libsource lib="Device" part="D_Small" description="Diode, small symbol"/>
      <sheetpath names="/" tstamps="/"/>
      <tstamp>00000930</tstamp>
    </comp>
    <comp ref="K_94">
      <value>KEYSW</value>
      <footprint>MX_Only:MXOnly-1U-NoLED</footprint>
      <libsource lib="MX_Alps_Hybrid" part="MX-NoLED" description=""/>
      <sheetpath names="/" tstamps="/"/>
      <tstamp>00000941</tstamp>
    </comp>
    <comp ref="D_94">
      <value>D</value>
      <footprint>Diode_SMD:D_SOD-123</footprint>
      <datasheet>~</datasheet>
      <libsource lib="Device" part="D_Small" description="Diode, small symbol"/>
      <sheetpath names="/" tstamps="/"/>
      <tstamp>00000940</tstamp>
    </comp>
    <comp ref="K_95">
      <value>KEYSW</value>
      <footprint>MX_Only:MXOnly-1U-NoLED</footprint>
      <libsource lib="MX_Alps_Hybrid" part="MX-NoLED" description=""/>
      <sheetpath names="/" tstamps="/"/>
      <tstamp>00000951</tstamp>
    </comp>
    <comp ref="D_95">
      <value>D</value>
      <footprint>Diode_SMD:D_SOD-123</footprint>
      <datasheet>~</datasheet>
      <libsource lib="Device" part="D_Small" description="Diode, small symbol"/>
      <sheetpath names="/" tstamps="/"/>
      <tstamp>00000950</tstamp>
    </comp>
    <comp ref="K_96">
      <value>KEYSW</value>
      <footprint>MX_Only:MXOnly-1U-NoLED</footprint>
      <libsource lib="MX_Alps_Hybrid" part="MX-NoLED" description=""/>
      <sheetpath names="/" tstamps="/"/>
      <tstamp>00000961</tstamp>
    </comp>
    <comp ref="D_96">
      <value>D</value>
      <footprint>Diode_SMD:D_SOD-123</footprint>
      <datasheet>~</datasheet>
      <libsource lib="Device" part="D_Small" description="Diode, small symbol"/>
      <sheetpath names="/" tstamps="/"/>
      <tstamp>00000960</tstamp>
    </comp>
    <comp ref="K_97">
      <value>KEYSW</value>
      <footprint>MX_Only:MXOnly-1U-NoLED</footprint>
      <libsource lib="MX_Alps_Hybrid" part="MX-NoLED" description=""/>
      <sheetpath names="/" tstamps="/"/>
      <tstamp>00000971</tstamp>
    </comp>
    <comp ref="D_97">
      <value>D</value>
      <footprint>Diode_SMD:D_SOD-123</footprint>
      <datasheet>~</datasheet>
      <libsource lib="Device" part="D_Small" description="Diode, small symbol"/>
      <sheetpath names="/" tstamps="/"/>
      <tstamp>00000970</tstamp>
    </comp>
    <comp ref="K_98">
      <value>KEYSW</value>
      <footprint>MX_Only:MXOnly-1U-NoLED</footprint>
      <libsource lib="MX_Alps_Hybrid" part="MX-NoLED" description=""/>
      <sheetpath names="/" tstamps="/"/>
      <tstamp>00000981</tstamp>
    </comp>
    <comp ref="D_98">
      <value>D</value>
      <footprint>Diode_SMD:D_SOD-123</footprint>
      <datasheet>~</datasheet>
      <libsource lib="Device" part="D_Small" description="Diode, small symbol"/>
      <sheetpath names="/" tstamps="/"/>
      <tstamp>00000980</tstamp>
    </comp>
    <comp ref="K_99">
      <value>KEYSW</value>
      <footprint>MX_Only:MXOnly-1U-NoLED</footprint>
      <libsource lib="MX_Alps_Hybrid" part="MX-NoLED" description=""/>
      <sheetpath names="/" tstamps="/"/>
      <tstamp>00000991</tstamp>
    </comp>
    <comp ref="D_99">
      <value>D</value>
      <footprint>Diode_SMD:D_SOD-123</footprint>
      <datasheet>~</datasheet>
      <libsource lib="Device" part="D_Small" description="Diode, small symbol"/>
      <sheetpath names="/" tstamps="/"/>
      <tstamp>00000990</tstamp>
    </comp>
    <comp ref="K_100">
      <value>KEYSW</value>
      <footprint>MX_Only:MXOnly-1U-NoLED</footprint>
      <libsource lib="MX_Alps_Hybrid" part="MX-NoLED" description=""/>
      <sheetpath names="/" tstamps="/"/>
      <tstamp>00001001</tstamp>
    </comp>
    <comp ref="D_100">
      <value>D</value>
      <footprint>Diode_SMD:D_SOD-123</footprint>
      <datasheet>~</datasheet>
      <libsource lib="Device" part="D_Small" description="Diode, small symbol"/>
      <sheetpath names="/" tstamps="/"/>
      <tstamp>00001000</tstamp>
    </comp>
    <comp ref="K_87">
      <value>KEYSW</value>
      <footprint>MX_Only:MXOnly-2U-NoLED</footprint>
      <libsource lib="MX_Alps_Hybrid" part="MX-NoLED" description=""/>
      <sheetpath names="/" tstamps="/"/>
      <tstamp>00000871</tstamp>
    </comp>
    <comp ref="D_87">
      <value>D</value>
      <footprint>Diode_SMD:D_SOD-123</footprint>
      <datasheet>~</datasheet>
      <libsource lib="Device" part="D_Small" description="Diode, small symbol"/>
      <sheetpath names="/" tstamps="/"/>
      <tstamp>00000870</tstamp>
    </comp>
    <comp ref="U2">
      <value>MCP1700-3302E_SOT23</value>
      <footprint>Package_TO_SOT_SMD:SOT-23</footprint>
      <datasheet>http://ww1.microchip.com/downloads/en/DeviceDoc/20001826D.pdf</datasheet>
      <libsource lib="Regulator_Linear" part="MCP1700-3302E_SOT23" description="250mA Low Quiscent Current LDO, 3.3V output, SOT-23"/>
      <sheetpath names="/" tstamps="/"/>
      <tstamp>5F2612C5</tstamp>
    </comp>
    <comp ref="C10">
      <value>1uF</value>
      <footprint>Capacitor_SMD:C_0402_1005Metric</footprint>
      <datasheet>~</datasheet>
      <libsource lib="Device" part="C_Small" description="Unpolarized capacitor, small symbol"/>
      <sheetpath names="/" tstamps="/"/>
      <tstamp>5F262975</tstamp>
    </comp>
    <comp ref="C9">
      <value>1uF</value>
      <footprint>Capacitor_SMD:C_0402_1005Metric</footprint>
      <datasheet>~</datasheet>
      <libsource lib="Device" part="C_Small" description="Unpolarized capacitor, small symbol"/>
      <sheetpath names="/" tstamps="/"/>
      <tstamp>5F265475</tstamp>
    </comp>
    <comp ref="R1">
      <value>10k</value>
      <footprint>Resistor_SMD:R_0805_2012Metric</footprint>
      <datasheet>~</datasheet>
      <libsource lib="Device" part="R_Small" description="Resistor, small symbol"/>
      <sheetpath names="/" tstamps="/"/>
      <tstamp>5F3F0EEB</tstamp>
    </comp>
    <comp ref="R2">
      <value>10k</value>
      <footprint>Resistor_SMD:R_0805_2012Metric</footprint>
      <datasheet>~</datasheet>
      <libsource lib="Device" part="R_Small" description="Resistor, small symbol"/>
      <sheetpath names="/" tstamps="/"/>
      <tstamp>5F3F2F0F</tstamp>
    </comp>
    <comp ref="SW1">
      <value>SW_PUSH</value>
      <footprint>random-keyboard-parts:PushButton_6x6mm_TH</footprint>
      <libsource lib="KeyboardParts" part="SW_PUSH" description=""/>
      <sheetpath names="/" tstamps="/"/>
      <tstamp>5F3F3747</tstamp>
    </comp>
    <comp ref="SW2">
      <value>SW_PUSH</value>
      <footprint>random-keyboard-parts:PushButton_6x6mm_TH</footprint>
      <libsource lib="KeyboardParts" part="SW_PUSH" description=""/>
      <sheetpath names="/" tstamps="/"/>
      <tstamp>5F3F5212</tstamp>
    </comp>
    <comp ref="C1">
      <value>100nF</value>
      <footprint>Capacitor_SMD:C_0402_1005Metric</footprint>
      <datasheet>~</datasheet>
      <libsource lib="Device" part="C_Small" description="Unpolarized capacitor, small symbol"/>
      <sheetpath names="/" tstamps="/"/>
      <tstamp>5F59030B</tstamp>
    </comp>
    <comp ref="C2">
      <value>4.7uF</value>
      <footprint>Capacitor_SMD:C_0603_1608Metric</footprint>
      <datasheet>~</datasheet>
      <libsource lib="Device" part="C_Small" description="Unpolarized capacitor, small symbol"/>
      <sheetpath names="/" tstamps="/"/>
      <tstamp>5F593138</tstamp>
    </comp>
    <comp ref="C3">
      <value>100nF</value>
      <footprint>Capacitor_SMD:C_0402_1005Metric</footprint>
      <datasheet>~</datasheet>
      <libsource lib="Device" part="C_Small" description="Unpolarized capacitor, small symbol"/>
      <sheetpath names="/" tstamps="/"/>
      <tstamp>5F5939B8</tstamp>
    </comp>
    <comp ref="C4">
      <value>100nF</value>
      <footprint>Capacitor_SMD:C_0402_1005Metric</footprint>
      <datasheet>~</datasheet>
      <libsource lib="Device" part="C_Small" description="Unpolarized capacitor, small symbol"/>
      <sheetpath names="/" tstamps="/"/>
      <tstamp>5F593F06</tstamp>
    </comp>
    <comp ref="C6">
      <value>1uF</value>
      <footprint>Capacitor_SMD:C_0603_1608Metric</footprint>
      <datasheet>~</datasheet>
      <libsource lib="Device" part="C_Small" description="Unpolarized capacitor, small symbol"/>
      <sheetpath names="/" tstamps="/"/>
      <tstamp>5F5950B7</tstamp>
    </comp>
    <comp ref="U1">
      <value>STM32F072CBUx</value>
      <footprint>Package_DFN_QFN:QFN-48-1EP_7x7mm_P0.5mm_EP5.6x5.6mm</footprint>
      <datasheet>http://www.st.com/st-web-ui/static/active/en/resource/technical/document/datasheet/DM00090510.pdf</datasheet>
      <libsource lib="MCU_ST_STM32F0" part="STM32F072CBUx" description="ARM Cortex-M0 MCU, 128KB flash, 16KB RAM, 48MHz, 2-3.6V, 37 GPIO, UFQFPN-48"/>
      <sheetpath names="/" tstamps="/"/>
      <tstamp>5F25C889</tstamp>
    </comp>
    <comp ref="C8">
      <value>10nF</value>
      <footprint>Capacitor_SMD:C_0402_1005Metric</footprint>
      <datasheet>~</datasheet>
      <libsource lib="Device" part="C_Small" description="Unpolarized capacitor, small symbol"/>
      <sheetpath names="/" tstamps="/"/>
      <tstamp>5F5957F8</tstamp>
    </comp>
    <comp ref="C7">
      <value>4.7uF</value>
      <footprint>Capacitor_SMD:C_0603_1608Metric</footprint>
      <datasheet>~</datasheet>
      <libsource lib="Device" part="C_Small" description="Unpolarized capacitor, small symbol"/>
      <sheetpath names="/" tstamps="/"/>
      <tstamp>5F59495C</tstamp>
    </comp>
    <comp ref="USB1">
      <value>HRO-TYPE-C-31-M-12</value>
      <footprint>Type-C:HRO-TYPE-C-31-M-12-Assembly</footprint>
      <libsource lib="Type-C" part="HRO-TYPE-C-31-M-12" description=""/>
      <sheetpath names="/" tstamps="/"/>
      <tstamp>5F4954AB</tstamp>
    </comp>
    <comp ref="R4">
      <value>5.1k</value>
      <footprint>Resistor_SMD:R_0805_2012Metric</footprint>
      <datasheet>~</datasheet>
      <libsource lib="Device" part="R_Small" description="Resistor, small symbol"/>
      <sheetpath names="/" tstamps="/"/>
      <tstamp>5F77CD60</tstamp>
    </comp>
    <comp ref="C5">
      <value>4.7nF</value>
      <footprint>Capacitor_SMD:C_0603_1608Metric</footprint>
      <datasheet>~</datasheet>
      <libsource lib="Device" part="C_Small" description="Unpolarized capacitor, small symbol"/>
      <sheetpath names="/" tstamps="/"/>
      <tstamp>5F7F85B7</tstamp>
    </comp>
    <comp ref="R5">
      <value>5.1k</value>
      <footprint>Resistor_SMD:R_0805_2012Metric</footprint>
      <datasheet>~</datasheet>
      <libsource lib="Device" part="R_Small" description="Resistor, small symbol"/>
      <sheetpath names="/" tstamps="/"/>
      <tstamp>5F8B03D3</tstamp>
    </comp>
    <comp ref="F1">
      <value>Polyfuse (1A)</value>
      <footprint>Fuse:Fuse_1206_3216Metric</footprint>
      <datasheet>~</datasheet>
      <libsource lib="Device" part="Polyfuse_Small" description="Resettable fuse, polymeric positive temperature coefficient, small symbol"/>
      <sheetpath names="/" tstamps="/"/>
      <tstamp>5FA1E3CA</tstamp>
    </comp>
    <comp ref="R3">
      <value>1M</value>
      <footprint>Resistor_SMD:R_0805_2012Metric</footprint>
      <datasheet>~</datasheet>
      <libsource lib="Device" part="R_Small" description="Resistor, small symbol"/>
      <sheetpath names="/" tstamps="/"/>
      <tstamp>5FCF7F67</tstamp>
    </comp>
    <comp ref="K_71">
      <value>KEYSW</value>
      <footprint>MX_Only:MXOnly-2.25U-NoLED</footprint>
      <libsource lib="MX_Alps_Hybrid" part="MX-NoLED" description=""/>
      <sheetpath names="/" tstamps="/"/>
      <tstamp>00000711</tstamp>
    </comp>
  </components>
  <libparts>
    <libpart lib="Device" part="C_Small">
      <description>Unpolarized capacitor, small symbol</description>
      <docs>~</docs>
      <footprints>
        <fp>C_*</fp>
      </footprints>
      <fields>
        <field name="Reference">C</field>
        <field name="Value">C_Small</field>
      </fields>
      <pins>
        <pin num="1" name="~" type="passive"/>
        <pin num="2" name="~" type="passive"/>
      </pins>
    </libpart>
    <libpart lib="Device" part="D_Small">
      <description>Diode, small symbol</description>
      <docs>~</docs>
      <footprints>
        <fp>TO-???*</fp>
        <fp>*_Diode_*</fp>
        <fp>*SingleDiode*</fp>
        <fp>D_*</fp>
      </footprints>
      <fields>
        <field name="Reference">D</field>
        <field name="Value">D_Small</field>
      </fields>
      <pins>
        <pin num="1" name="K" type="passive"/>
        <pin num="2" name="A" type="passive"/>
      </pins>
    </libpart>
    <libpart lib="Device" part="Polyfuse_Small">
      <description>Resettable fuse, polymeric positive temperature coefficient, small symbol</description>
      <docs>~</docs>
      <footprints>
        <fp>*polyfuse*</fp>
        <fp>*PTC*</fp>
      </footprints>
      <fields>
        <field name="Reference">F</field>
        <field name="Value">Polyfuse_Small</field>
      </fields>
      <pins>
        <pin num="1" name="~" type="passive"/>
        <pin num="2" name="~" type="passive"/>
      </pins>
    </libpart>
    <libpart lib="Device" part="R_Small">
      <description>Resistor, small symbol</description>
      <docs>~</docs>
      <footprints>
        <fp>R_*</fp>
      </footprints>
      <fields>
        <field name="Reference">R</field>
        <field name="Value">R_Small</field>
      </fields>
      <pins>
        <pin num="1" name="~" type="passive"/>
        <pin num="2" name="~" type="passive"/>
      </pins>
    </libpart>
    <libpart lib="KeyboardParts" part="SW_PUSH">
      <fields>
        <field name="Reference">SW</field>
        <field name="Value">SW_PUSH</field>
      </fields>
      <pins>
        <pin num="1" name="1" type="passive"/>
        <pin num="2" name="2" type="passive"/>
      </pins>
    </libpart>
    <libpart lib="MCU_ST_STM32F0" part="STM32F072C8Ux">
      <aliases>
        <alias>STM32F072CBUx</alias>
      </aliases>
      <description>ARM Cortex-M0 MCU, 64KB flash, 16KB RAM, 48MHz, 2-3.6V, 37 GPIO, UFQFPN-48</description>
      <docs>http://www.st.com/st-web-ui/static/active/en/resource/technical/document/datasheet/DM00090510.pdf</docs>
      <footprints>
        <fp>QFN*1EP*7x7mm*P0.5mm*</fp>
      </footprints>
      <fields>
        <field name="Reference">U</field>
        <field name="Value">STM32F072C8Ux</field>
        <field name="Footprint">Package_DFN_QFN:QFN-48-1EP_7x7mm_P0.5mm_EP5.6x5.6mm</field>
      </fields>
      <pins>
        <pin num="1" name="VBAT" type="power_in"/>
        <pin num="2" name="PC13" type="BiDi"/>
        <pin num="3" name="PC14" type="BiDi"/>
        <pin num="4" name="PC15" type="BiDi"/>
        <pin num="5" name="PF0" type="input"/>
        <pin num="6" name="PF1" type="input"/>
        <pin num="7" name="NRST" type="input"/>
        <pin num="8" name="VSSA" type="power_in"/>
        <pin num="9" name="VDDA" type="power_in"/>
        <pin num="10" name="PA0" type="BiDi"/>
        <pin num="11" name="PA1" type="BiDi"/>
        <pin num="12" name="PA2" type="BiDi"/>
        <pin num="13" name="PA3" type="BiDi"/>
        <pin num="14" name="PA4" type="BiDi"/>
        <pin num="15" name="PA5" type="BiDi"/>
        <pin num="16" name="PA6" type="BiDi"/>
        <pin num="17" name="PA7" type="BiDi"/>
        <pin num="18" name="PB0" type="BiDi"/>
        <pin num="19" name="PB1" type="BiDi"/>
        <pin num="20" name="PB2" type="BiDi"/>
        <pin num="21" name="PB10" type="BiDi"/>
        <pin num="22" name="PB11" type="BiDi"/>
        <pin num="23" name="VSS" type="power_in"/>
        <pin num="24" name="VDD" type="power_in"/>
        <pin num="25" name="PB12" type="BiDi"/>
        <pin num="26" name="PB13" type="BiDi"/>
        <pin num="27" name="PB14" type="BiDi"/>
        <pin num="28" name="PB15" type="BiDi"/>
        <pin num="29" name="PA8" type="BiDi"/>
        <pin num="30" name="PA9" type="BiDi"/>
        <pin num="31" name="PA10" type="BiDi"/>
        <pin num="32" name="PA11" type="BiDi"/>
        <pin num="33" name="PA12" type="BiDi"/>
        <pin num="34" name="PA13" type="BiDi"/>
        <pin num="35" name="VSS" type="power_in"/>
        <pin num="36" name="VDDIO2" type="power_in"/>
        <pin num="37" name="PA14" type="BiDi"/>
        <pin num="38" name="PA15" type="BiDi"/>
        <pin num="39" name="PB3" type="BiDi"/>
        <pin num="40" name="PB4" type="BiDi"/>
        <pin num="41" name="PB5" type="BiDi"/>
        <pin num="42" name="PB6" type="BiDi"/>
        <pin num="43" name="PB7" type="BiDi"/>
        <pin num="44" name="BOOT0" type="input"/>
        <pin num="45" name="PB8" type="BiDi"/>
        <pin num="46" name="PB9" type="BiDi"/>
        <pin num="47" name="VSS" type="power_in"/>
        <pin num="48" name="VDD" type="power_in"/>
        <pin num="49" name="VSS" type="power_in"/>
      </pins>
    </libpart>
    <libpart lib="MX_Alps_Hybrid" part="MX-NoLED">
      <fields>
        <field name="Reference">MX</field>
        <field name="Value">MX-NoLED</field>
      </fields>
      <pins>
        <pin num="1" name="COL" type="passive"/>
        <pin num="2" name="ROW" type="passive"/>
      </pins>
    </libpart>
    <libpart lib="Regulator_Linear" part="MCP1700-3002E_SOT23">
      <aliases>
        <alias>MCP1700-1202E_SOT23</alias>
        <alias>MCP1700-1802E_SOT23</alias>
        <alias>MCP1700-2502E_SOT23</alias>
        <alias>MCP1700-2802E_SOT23</alias>
        <alias>MCP1700-3302E_SOT23</alias>
        <alias>MCP1700-5002E_SOT23</alias>
      </aliases>
      <description>250mA Low Quiscent Current LDO, 3.0V output, SOT-23</description>
      <docs>http://ww1.microchip.com/downloads/en/DeviceDoc/20001826D.pdf</docs>
      <footprints>
        <fp>SOT?23*</fp>
      </footprints>
      <fields>
        <field name="Reference">U</field>
        <field name="Value">MCP1700-3002E_SOT23</field>
        <field name="Footprint">Package_TO_SOT_SMD:SOT-23</field>
      </fields>
      <pins>
        <pin num="1" name="GND" type="power_in"/>
        <pin num="2" name="VO" type="power_out"/>
        <pin num="3" name="VI" type="power_in"/>
      </pins>
    </libpart>
    <libpart lib="Type-C" part="HRO-TYPE-C-31-M-12">
      <fields>
        <field name="Reference">USB</field>
        <field name="Value">HRO-TYPE-C-31-M-12</field>
      </fields>
      <pins>
        <pin num="1" name="GND" type="input"/>
        <pin num="2" name="VBUS" type="input"/>
        <pin num="3" name="SBU2" type="input"/>
        <pin num="4" name="CC1" type="input"/>
        <pin num="5" name="DN2" type="input"/>
        <pin num="6" name="DP1" type="input"/>
        <pin num="7" name="DN1" type="input"/>
        <pin num="8" name="DP2" type="input"/>
        <pin num="9" name="SBU1" type="input"/>
        <pin num="10" name="CC2" type="input"/>
        <pin num="11" name="VBUS" type="input"/>
        <pin num="12" name="GND" type="input"/>
        <pin num="13" name="SHIELD" type="input"/>
      </pins>
    </libpart>
  </libparts>
  <libraries>
    <library logical="Device">
      <uri>E:\KiCAD\share\kicad\library/Device.lib</uri>
    </library>
    <library logical="KeyboardParts">
      <uri>G:/My Drive/Personal Projects/Keyboard/PCB/KiCAD Libraries/kicad_lib_tmk-master/kicad_lib_tmk-master/keyboard_parts.lib</uri>
    </library>
    <library logical="MCU_ST_STM32F0">
      <uri>E:\KiCAD\share\kicad\library/MCU_ST_STM32F0.lib</uri>
    </library>
    <library logical="MX_Alps_Hybrid">
      <uri>C:\Users\matth\Documents\GitHub\Keyboard\PCB/MX_Alps_Hybrid.pretty/Schematic Library/MX_Alps_Hybrid.lib</uri>
    </library>
    <library logical="Regulator_Linear">
      <uri>E:\KiCAD\share\kicad\library/Regulator_Linear.lib</uri>
    </library>
    <library logical="Type-C">
      <uri>C:\Users\matth\Documents\GitHub\Keyboard\PCB/Type-C.pretty/Type-C.lib</uri>
    </library>
  </libraries>
  <nets>
    <net code="1" name="+5V">
      <node ref="C9" pin="1"/>
      <node ref="U2" pin="3"/>
      <node ref="F1" pin="2"/>
    </net>
    <net code="2" name="GND">
      <node ref="R3" pin="1"/>
      <node ref="U2" pin="1"/>
      <node ref="C2" pin="2"/>
      <node ref="R5" pin="1"/>
      <node ref="C5" pin="1"/>
      <node ref="C6" pin="2"/>
      <node ref="C4" pin="2"/>
      <node ref="C3" pin="2"/>
      <node ref="C1" pin="2"/>
      <node ref="R4" pin="1"/>
      <node ref="SW1" pin="2"/>
      <node ref="U1" pin="47"/>
      <node ref="USB1" pin="12"/>
      <node ref="C10" pin="2"/>
      <node ref="R2" pin="2"/>
      <node ref="C8" pin="2"/>
      <node ref="C9" pin="2"/>
      <node ref="C7" pin="2"/>
      <node ref="U1" pin="49"/>
      <node ref="USB1" pin="1"/>
      <node ref="U1" pin="8"/>
      <node ref="U1" pin="35"/>
      <node ref="U1" pin="23"/>
    </net>
    <net code="3" name="+3V3">
      <node ref="C3" pin="1"/>
      <node ref="C2" pin="1"/>
      <node ref="C6" pin="1"/>
      <node ref="C4" pin="1"/>
      <node ref="U1" pin="9"/>
      <node ref="U1" pin="1"/>
      <node ref="U1" pin="24"/>
      <node ref="U1" pin="48"/>
      <node ref="C7" pin="1"/>
      <node ref="U1" pin="36"/>
      <node ref="C1" pin="1"/>
      <node ref="C8" pin="1"/>
      <node ref="SW2" pin="2"/>
      <node ref="R1" pin="1"/>
      <node ref="C10" pin="1"/>
      <node ref="U2" pin="2"/>
    </net>
    <net code="4" name="col9">
      <node ref="K_9" pin="1"/>
      <node ref="K_80" pin="1"/>
      <node ref="K_28" pin="1"/>
      <node ref="K_64" pin="1"/>
      <node ref="K_46" pin="1"/>
      <node ref="U1" pin="31"/>
    </net>
    <net code="5" name="Net-(U1-Pad16)">
      <node ref="U1" pin="16"/>
    </net>
    <net code="6" name="Net-(U1-Pad15)">
      <node ref="U1" pin="15"/>
    </net>
    <net code="7" name="Net-(U1-Pad14)">
      <node ref="U1" pin="14"/>
    </net>
    <net code="8" name="Net-(U1-Pad13)">
      <node ref="U1" pin="13"/>
    </net>
    <net code="9" name="Net-(U1-Pad12)">
      <node ref="U1" pin="12"/>
    </net>
    <net code="10" name="col12">
      <node ref="U1" pin="38"/>
      <node ref="K_82" pin="1"/>
      <node ref="K_49" pin="1"/>
      <node ref="K_12" pin="1"/>
      <node ref="K_31" pin="1"/>
    </net>
    <net code="11" name="col11">
      <node ref="K_95" pin="1"/>
      <node ref="K_66" pin="1"/>
      <node ref="U1" pin="37"/>
      <node ref="K_30" pin="1"/>
      <node ref="K_48" pin="1"/>
      <node ref="K_11" pin="1"/>
    </net>
    <net code="12" name="col10">
      <node ref="K_94" pin="1"/>
      <node ref="K_81" pin="1"/>
      <node ref="K_47" pin="1"/>
      <node ref="K_29" pin="1"/>
      <node ref="K_65" pin="1"/>
      <node ref="U1" pin="34"/>
      <node ref="K_10" pin="1"/>
    </net>
    <net code="13" name="D+">
      <node ref="USB1" pin="8"/>
      <node ref="USB1" pin="6"/>
      <node ref="U1" pin="33"/>
    </net>
    <net code="14" name="D-">
      <node ref="U1" pin="32"/>
      <node ref="USB1" pin="7"/>
      <node ref="USB1" pin="5"/>
    </net>
    <net code="15" name="Net-(U1-Pad11)">
      <node ref="U1" pin="11"/>
    </net>
    <net code="16" name="Net-(U1-Pad10)">
      <node ref="U1" pin="10"/>
    </net>
    <net code="17" name="NRST">
      <node ref="R1" pin="2"/>
      <node ref="SW1" pin="1"/>
      <node ref="U1" pin="7"/>
    </net>
    <net code="18" name="BOOT0">
      <node ref="SW2" pin="1"/>
      <node ref="R2" pin="1"/>
      <node ref="U1" pin="44"/>
    </net>
    <net code="19" name="Net-(D_98-Pad2)">
      <node ref="K_98" pin="2"/>
      <node ref="D_98" pin="2"/>
    </net>
    <net code="20" name="Net-(D_97-Pad2)">
      <node ref="K_97" pin="2"/>
      <node ref="D_97" pin="2"/>
    </net>
    <net code="21" name="Net-(D_96-Pad2)">
      <node ref="K_96" pin="2"/>
      <node ref="D_96" pin="2"/>
    </net>
    <net code="22" name="Net-(D_87-Pad2)">
      <node ref="K_87" pin="2"/>
      <node ref="D_87" pin="2"/>
    </net>
    <net code="23" name="Net-(D_100-Pad2)">
      <node ref="D_100" pin="2"/>
      <node ref="K_100" pin="2"/>
    </net>
    <net code="24" name="Net-(D_99-Pad2)">
      <node ref="D_99" pin="2"/>
      <node ref="K_99" pin="2"/>
    </net>
    <net code="25" name="Net-(D_91-Pad2)">
      <node ref="K_91" pin="2"/>
      <node ref="D_91" pin="2"/>
    </net>
    <net code="26" name="Net-(D_92-Pad2)">
      <node ref="K_92" pin="2"/>
      <node ref="D_92" pin="2"/>
    </net>
    <net code="27" name="Net-(D_90-Pad2)">
      <node ref="K_90" pin="2"/>
      <node ref="D_90" pin="2"/>
    </net>
    <net code="28" name="Net-(D_94-Pad2)">
      <node ref="D_94" pin="2"/>
      <node ref="K_94" pin="2"/>
    </net>
    <net code="29" name="Net-(D_95-Pad2)">
      <node ref="D_95" pin="2"/>
      <node ref="K_95" pin="2"/>
    </net>
    <net code="30" name="Net-(D_93-Pad2)">
      <node ref="K_93" pin="2"/>
      <node ref="D_93" pin="2"/>
    </net>
    <net code="31" name="Net-(U1-Pad17)">
      <node ref="U1" pin="17"/>
    </net>
    <net code="32" name="Net-(USB1-Pad3)">
      <node ref="USB1" pin="3"/>
    </net>
    <net code="33" name="Net-(C5-Pad2)">
      <node ref="USB1" pin="13"/>
      <node ref="C5" pin="2"/>
      <node ref="R3" pin="2"/>
    </net>
    <net code="34" name="Net-(USB1-Pad9)">
      <node ref="USB1" pin="9"/>
    </net>
    <net code="35" name="col6">
      <node ref="K_92" pin="1"/>
      <node ref="K_6" pin="1"/>
      <node ref="K_61" pin="1"/>
      <node ref="K_25" pin="1"/>
      <node ref="K_43" pin="1"/>
      <node ref="U1" pin="28"/>
      <node ref="K_77" pin="1"/>
    </net>
    <net code="36" name="row3">
      <node ref="D_63" pin="1"/>
      <node ref="D_62" pin="1"/>
      <node ref="D_64" pin="1"/>
      <node ref="D_55" pin="1"/>
      <node ref="D_65" pin="1"/>
      <node ref="D_66" pin="1"/>
      <node ref="D_59" pin="1"/>
      <node ref="D_58" pin="1"/>
      <node ref="D_61" pin="1"/>
      <node ref="D_57" pin="1"/>
      <node ref="D_56" pin="1"/>
      <node ref="D_60" pin="1"/>
      <node ref="U1" pin="3"/>
      <node ref="D_68" pin="1"/>
      <node ref="D_69" pin="1"/>
      <node ref="D_70" pin="1"/>
      <node ref="D_67" pin="1"/>
    </net>
    <net code="37" name="row4">
      <node ref="D_74" pin="1"/>
      <node ref="D_72" pin="1"/>
      <node ref="D_87" pin="1"/>
      <node ref="D_82" pin="1"/>
      <node ref="D_77" pin="1"/>
      <node ref="U1" pin="2"/>
      <node ref="D_76" pin="1"/>
      <node ref="D_84" pin="1"/>
      <node ref="D_86" pin="1"/>
      <node ref="D_85" pin="1"/>
      <node ref="D_83" pin="1"/>
      <node ref="D_73" pin="1"/>
      <node ref="D_81" pin="1"/>
      <node ref="D_75" pin="1"/>
      <node ref="D_79" pin="1"/>
      <node ref="D_80" pin="1"/>
      <node ref="D_78" pin="1"/>
      <node ref="D_71" pin="1"/>
    </net>
    <net code="38" name="row5">
      <node ref="D_98" pin="1"/>
      <node ref="D_99" pin="1"/>
      <node ref="U1" pin="46"/>
      <node ref="D_100" pin="1"/>
      <node ref="D_94" pin="1"/>
      <node ref="D_88" pin="1"/>
      <node ref="D_93" pin="1"/>
      <node ref="D_91" pin="1"/>
      <node ref="D_90" pin="1"/>
      <node ref="D_89" pin="1"/>
      <node ref="D_92" pin="1"/>
      <node ref="D_95" pin="1"/>
      <node ref="D_97" pin="1"/>
      <node ref="D_96" pin="1"/>
    </net>
    <net code="39" name="col18">
      <node ref="K_18" pin="1"/>
      <node ref="U1" pin="45"/>
      <node ref="K_54" pin="1"/>
      <node ref="K_36" pin="1"/>
      <node ref="K_87" pin="1"/>
    </net>
    <net code="40" name="col17">
      <node ref="K_70" pin="1"/>
      <node ref="K_53" pin="1"/>
      <node ref="K_35" pin="1"/>
      <node ref="K_17" pin="1"/>
      <node ref="U1" pin="43"/>
      <node ref="K_86" pin="1"/>
      <node ref="K_100" pin="1"/>
    </net>
    <net code="41" name="col16">
      <node ref="K_16" pin="1"/>
      <node ref="K_69" pin="1"/>
      <node ref="K_34" pin="1"/>
      <node ref="K_52" pin="1"/>
      <node ref="K_85" pin="1"/>
      <node ref="K_99" pin="1"/>
      <node ref="U1" pin="42"/>
    </net>
    <net code="42" name="col15">
      <node ref="K_98" pin="1"/>
      <node ref="K_51" pin="1"/>
      <node ref="U1" pin="41"/>
      <node ref="K_68" pin="1"/>
      <node ref="K_84" pin="1"/>
      <node ref="K_33" pin="1"/>
      <node ref="K_15" pin="1"/>
    </net>
    <net code="43" name="col14">
      <node ref="K_97" pin="1"/>
      <node ref="U1" pin="40"/>
      <node ref="K_50" pin="1"/>
      <node ref="K_83" pin="1"/>
      <node ref="K_14" pin="1"/>
    </net>
    <net code="44" name="col13">
      <node ref="K_13" pin="1"/>
      <node ref="K_96" pin="1"/>
      <node ref="K_32" pin="1"/>
      <node ref="U1" pin="39"/>
      <node ref="K_67" pin="1"/>
    </net>
    <net code="45" name="col0">
      <node ref="K_19" pin="1"/>
      <node ref="K_55" pin="1"/>
      <node ref="K_37" pin="1"/>
      <node ref="K_88" pin="1"/>
      <node ref="K_71" pin="1"/>
      <node ref="K_0" pin="1"/>
      <node ref="U1" pin="20"/>
    </net>
    <net code="46" name="row2">
      <node ref="D_41" pin="1"/>
      <node ref="D_49" pin="1"/>
      <node ref="D_50" pin="1"/>
      <node ref="D_46" pin="1"/>
      <node ref="D_51" pin="1"/>
      <node ref="D_54" pin="1"/>
      <node ref="D_47" pin="1"/>
      <node ref="D_43" pin="1"/>
      <node ref="D_38" pin="1"/>
      <node ref="D_44" pin="1"/>
      <node ref="D_37" pin="1"/>
      <node ref="D_45" pin="1"/>
      <node ref="D_39" pin="1"/>
      <node ref="D_48" pin="1"/>
      <node ref="D_40" pin="1"/>
      <node ref="D_42" pin="1"/>
      <node ref="D_52" pin="1"/>
      <node ref="U1" pin="4"/>
      <node ref="D_53" pin="1"/>
    </net>
    <net code="47" name="col5">
      <node ref="U1" pin="27"/>
      <node ref="K_5" pin="1"/>
      <node ref="K_60" pin="1"/>
      <node ref="K_24" pin="1"/>
      <node ref="K_42" pin="1"/>
      <node ref="K_76" pin="1"/>
    </net>
    <net code="48" name="col4">
      <node ref="K_41" pin="1"/>
      <node ref="U1" pin="26"/>
      <node ref="K_59" pin="1"/>
      <node ref="K_23" pin="1"/>
      <node ref="K_91" pin="1"/>
      <node ref="K_75" pin="1"/>
      <node ref="K_4" pin="1"/>
    </net>
    <net code="49" name="col3">
      <node ref="K_3" pin="1"/>
      <node ref="U1" pin="25"/>
      <node ref="K_74" pin="1"/>
      <node ref="K_58" pin="1"/>
      <node ref="K_22" pin="1"/>
      <node ref="K_90" pin="1"/>
      <node ref="K_40" pin="1"/>
    </net>
    <net code="50" name="col2">
      <node ref="K_73" pin="1"/>
      <node ref="K_57" pin="1"/>
      <node ref="K_2" pin="1"/>
      <node ref="K_21" pin="1"/>
      <node ref="K_39" pin="1"/>
      <node ref="U1" pin="22"/>
    </net>
    <net code="51" name="col1">
      <node ref="K_20" pin="1"/>
      <node ref="K_72" pin="1"/>
      <node ref="K_1" pin="1"/>
      <node ref="K_38" pin="1"/>
      <node ref="K_89" pin="1"/>
      <node ref="U1" pin="21"/>
      <node ref="K_56" pin="1"/>
    </net>
    <net code="52" name="Net-(U1-Pad19)">
      <node ref="U1" pin="19"/>
    </net>
    <net code="53" name="Net-(U1-Pad18)">
      <node ref="U1" pin="18"/>
    </net>
    <net code="54" name="col8">
      <node ref="K_63" pin="1"/>
      <node ref="K_8" pin="1"/>
      <node ref="K_79" pin="1"/>
      <node ref="K_93" pin="1"/>
      <node ref="K_27" pin="1"/>
      <node ref="U1" pin="30"/>
      <node ref="K_45" pin="1"/>
    </net>
    <net code="55" name="col7">
      <node ref="U1" pin="29"/>
      <node ref="K_78" pin="1"/>
      <node ref="K_62" pin="1"/>
      <node ref="K_7" pin="1"/>
      <node ref="K_44" pin="1"/>
      <node ref="K_26" pin="1"/>
    </net>
    <net code="56" name="row0">
      <node ref="D_9" pin="1"/>
      <node ref="D_11" pin="1"/>
      <node ref="D_17" pin="1"/>
      <node ref="D_18" pin="1"/>
      <node ref="D_8" pin="1"/>
      <node ref="D_16" pin="1"/>
      <node ref="D_10" pin="1"/>
      <node ref="D_7" pin="1"/>
      <node ref="D_12" pin="1"/>
      <node ref="D_5" pin="1"/>
      <node ref="D_4" pin="1"/>
      <node ref="D_13" pin="1"/>
      <node ref="D_2" pin="1"/>
      <node ref="D_6" pin="1"/>
      <node ref="D_1" pin="1"/>
      <node ref="D_3" pin="1"/>
      <node ref="D_0" pin="1"/>
      <node ref="U1" pin="6"/>
      <node ref="D_15" pin="1"/>
      <node ref="D_14" pin="1"/>
    </net>
    <net code="57" name="row1">
      <node ref="D_33" pin="1"/>
      <node ref="D_34" pin="1"/>
      <node ref="D_21" pin="1"/>
      <node ref="U1" pin="5"/>
      <node ref="D_28" pin="1"/>
      <node ref="D_26" pin="1"/>
      <node ref="D_29" pin="1"/>
      <node ref="D_25" pin="1"/>
      <node ref="D_24" pin="1"/>
      <node ref="D_30" pin="1"/>
      <node ref="D_27" pin="1"/>
      <node ref="D_19" pin="1"/>
      <node ref="D_22" pin="1"/>
      <node ref="D_23" pin="1"/>
      <node ref="D_36" pin="1"/>
      <node ref="D_31" pin="1"/>
      <node ref="D_35" pin="1"/>
      <node ref="D_32" pin="1"/>
      <node ref="D_20" pin="1"/>
    </net>
    <net code="58" name="Net-(D_71-Pad2)">
      <node ref="D_71" pin="2"/>
      <node ref="K_71" pin="2"/>
    </net>
    <net code="59" name="Net-(R4-Pad2)">
      <node ref="USB1" pin="4"/>
      <node ref="R4" pin="2"/>
    </net>
    <net code="60" name="Net-(R5-Pad2)">
      <node ref="USB1" pin="10"/>
      <node ref="R5" pin="2"/>
    </net>
    <net code="61" name="Net-(F1-Pad1)">
      <node ref="USB1" pin="2"/>
      <node ref="F1" pin="1"/>
      <node ref="USB1" pin="11"/>
    </net>
    <net code="62" name="Net-(D_23-Pad2)">
      <node ref="K_23" pin="2"/>
      <node ref="D_23" pin="2"/>
    </net>
    <net code="63" name="Net-(D_22-Pad2)">
      <node ref="D_22" pin="2"/>
      <node ref="K_22" pin="2"/>
    </net>
    <net code="64" name="Net-(D_21-Pad2)">
      <node ref="D_21" pin="2"/>
      <node ref="K_21" pin="2"/>
    </net>
    <net code="65" name="Net-(D_25-Pad2)">
      <node ref="K_25" pin="2"/>
      <node ref="D_25" pin="2"/>
    </net>
    <net code="66" name="Net-(D_27-Pad2)">
      <node ref="K_27" pin="2"/>
      <node ref="D_27" pin="2"/>
    </net>
    <net code="67" name="Net-(D_26-Pad2)">
      <node ref="D_26" pin="2"/>
      <node ref="K_26" pin="2"/>
    </net>
    <net code="68" name="Net-(D_20-Pad2)">
      <node ref="K_20" pin="2"/>
      <node ref="D_20" pin="2"/>
    </net>
    <net code="69" name="Net-(D_24-Pad2)">
      <node ref="K_24" pin="2"/>
      <node ref="D_24" pin="2"/>
    </net>
    <net code="70" name="Net-(D_17-Pad2)">
      <node ref="D_17" pin="2"/>
      <node ref="K_17" pin="2"/>
    </net>
    <net code="71" name="Net-(D_18-Pad2)">
      <node ref="K_18" pin="2"/>
      <node ref="D_18" pin="2"/>
    </net>
    <net code="72" name="Net-(D_16-Pad2)">
      <node ref="K_16" pin="2"/>
      <node ref="D_16" pin="2"/>
    </net>
    <net code="73" name="Net-(D_19-Pad2)">
      <node ref="D_19" pin="2"/>
      <node ref="K_19" pin="2"/>
    </net>
    <net code="74" name="Net-(D_36-Pad2)">
      <node ref="D_36" pin="2"/>
      <node ref="K_36" pin="2"/>
    </net>
    <net code="75" name="Net-(D_35-Pad2)">
      <node ref="K_35" pin="2"/>
      <node ref="D_35" pin="2"/>
    </net>
    <net code="76" name="Net-(D_34-Pad2)">
      <node ref="D_34" pin="2"/>
      <node ref="K_34" pin="2"/>
    </net>
    <net code="77" name="Net-(D_37-Pad2)">
      <node ref="D_37" pin="2"/>
      <node ref="K_37" pin="2"/>
    </net>
    <net code="78" name="Net-(D_38-Pad2)">
      <node ref="D_38" pin="2"/>
      <node ref="K_38" pin="2"/>
    </net>
    <net code="79" name="Net-(D_33-Pad2)">
      <node ref="D_33" pin="2"/>
      <node ref="K_33" pin="2"/>
    </net>
    <net code="80" name="Net-(D_30-Pad2)">
      <node ref="D_30" pin="2"/>
      <node ref="K_30" pin="2"/>
    </net>
    <net code="81" name="Net-(D_29-Pad2)">
      <node ref="D_29" pin="2"/>
      <node ref="K_29" pin="2"/>
    </net>
    <net code="82" name="Net-(D_28-Pad2)">
      <node ref="D_28" pin="2"/>
      <node ref="K_28" pin="2"/>
    </net>
    <net code="83" name="Net-(D_32-Pad2)">
      <node ref="K_32" pin="2"/>
      <node ref="D_32" pin="2"/>
    </net>
    <net code="84" name="Net-(D_31-Pad2)">
      <node ref="D_31" pin="2"/>
      <node ref="K_31" pin="2"/>
    </net>
    <net code="85" name="Net-(D_5-Pad2)">
      <node ref="K_5" pin="2"/>
      <node ref="D_5" pin="2"/>
    </net>
    <net code="86" name="Net-(D_4-Pad2)">
      <node ref="K_4" pin="2"/>
      <node ref="D_4" pin="2"/>
    </net>
    <net code="87" name="Net-(D_7-Pad2)">
      <node ref="K_7" pin="2"/>
      <node ref="D_7" pin="2"/>
    </net>
    <net code="88" name="Net-(D_6-Pad2)">
      <node ref="D_6" pin="2"/>
      <node ref="K_6" pin="2"/>
    </net>
    <net code="89" name="Net-(D_1-Pad2)">
      <node ref="K_1" pin="2"/>
      <node ref="D_1" pin="2"/>
    </net>
    <net code="90" name="Net-(D_0-Pad2)">
      <node ref="K_0" pin="2"/>
      <node ref="D_0" pin="2"/>
    </net>
    <net code="91" name="Net-(D_3-Pad2)">
      <node ref="K_3" pin="2"/>
      <node ref="D_3" pin="2"/>
    </net>
    <net code="92" name="Net-(D_2-Pad2)">
      <node ref="D_2" pin="2"/>
      <node ref="K_2" pin="2"/>
    </net>
    <net code="93" name="Net-(D_13-Pad2)">
      <node ref="D_13" pin="2"/>
      <node ref="K_13" pin="2"/>
    </net>
    <net code="94" name="Net-(D_14-Pad2)">
      <node ref="D_14" pin="2"/>
      <node ref="K_14" pin="2"/>
    </net>
    <net code="95" name="Net-(D_12-Pad2)">
      <node ref="D_12" pin="2"/>
      <node ref="K_12" pin="2"/>
    </net>
    <net code="96" name="Net-(D_15-Pad2)">
      <node ref="K_15" pin="2"/>
      <node ref="D_15" pin="2"/>
    </net>
    <net code="97" name="Net-(D_9-Pad2)">
      <node ref="D_9" pin="2"/>
      <node ref="K_9" pin="2"/>
    </net>
    <net code="98" name="Net-(D_8-Pad2)">
      <node ref="K_8" pin="2"/>
      <node ref="D_8" pin="2"/>
    </net>
    <net code="99" name="Net-(D_11-Pad2)">
      <node ref="K_11" pin="2"/>
      <node ref="D_11" pin="2"/>
    </net>
    <net code="100" name="Net-(D_10-Pad2)">
      <node ref="D_10" pin="2"/>
      <node ref="K_10" pin="2"/>
    </net>
    <net code="101" name="Net-(D_73-Pad2)">
      <node ref="K_73" pin="2"/>
      <node ref="D_73" pin="2"/>
    </net>
    <net code="102" name="Net-(D_72-Pad2)">
      <node ref="D_72" pin="2"/>
      <node ref="K_72" pin="2"/>
    </net>
    <net code="103" name="Net-(D_54-Pad2)">
      <node ref="K_54" pin="2"/>
      <node ref="D_54" pin="2"/>
    </net>
    <net code="104" name="Net-(D_76-Pad2)">
      <node ref="K_76" pin="2"/>
      <node ref="D_76" pin="2"/>
    </net>
    <net code="105" name="Net-(D_75-Pad2)">
      <node ref="K_75" pin="2"/>
      <node ref="D_75" pin="2"/>
    </net>
    <net code="106" name="Net-(D_74-Pad2)">
      <node ref="D_74" pin="2"/>
      <node ref="K_74" pin="2"/>
    </net>
    <net code="107" name="Net-(D_67-Pad2)">
      <node ref="D_67" pin="2"/>
      <node ref="K_67" pin="2"/>
    </net>
    <net code="108" name="Net-(D_68-Pad2)">
      <node ref="K_68" pin="2"/>
      <node ref="D_68" pin="2"/>
    </net>
    <net code="109" name="Net-(D_66-Pad2)">
      <node ref="D_66" pin="2"/>
      <node ref="K_66" pin="2"/>
    </net>
    <net code="110" name="Net-(D_65-Pad2)">
      <node ref="D_65" pin="2"/>
      <node ref="K_65" pin="2"/>
    </net>
    <net code="111" name="Net-(D_70-Pad2)">
      <node ref="D_70" pin="2"/>
      <node ref="K_70" pin="2"/>
    </net>
    <net code="112" name="Net-(D_77-Pad2)">
      <node ref="D_77" pin="2"/>
      <node ref="K_77" pin="2"/>
    </net>
    <net code="113" name="Net-(D_69-Pad2)">
      <node ref="K_69" pin="2"/>
      <node ref="D_69" pin="2"/>
    </net>
    <net code="114" name="Net-(D_85-Pad2)">
      <node ref="D_85" pin="2"/>
      <node ref="K_85" pin="2"/>
    </net>
    <net code="115" name="Net-(D_86-Pad2)">
      <node ref="D_86" pin="2"/>
      <node ref="K_86" pin="2"/>
    </net>
    <net code="116" name="Net-(D_84-Pad2)">
      <node ref="K_84" pin="2"/>
      <node ref="D_84" pin="2"/>
    </net>
    <net code="117" name="Net-(D_89-Pad2)">
      <node ref="K_89" pin="2"/>
      <node ref="D_89" pin="2"/>
    </net>
    <net code="118" name="Net-(D_88-Pad2)">
      <node ref="K_88" pin="2"/>
      <node ref="D_88" pin="2"/>
    </net>
    <net code="119" name="Net-(D_80-Pad2)">
      <node ref="D_80" pin="2"/>
      <node ref="K_80" pin="2"/>
    </net>
    <net code="120" name="Net-(D_79-Pad2)">
      <node ref="D_79" pin="2"/>
      <node ref="K_79" pin="2"/>
    </net>
    <net code="121" name="Net-(D_78-Pad2)">
      <node ref="K_78" pin="2"/>
      <node ref="D_78" pin="2"/>
    </net>
    <net code="122" name="Net-(D_83-Pad2)">
      <node ref="D_83" pin="2"/>
      <node ref="K_83" pin="2"/>
    </net>
    <net code="123" name="Net-(D_82-Pad2)">
      <node ref="K_82" pin="2"/>
      <node ref="D_82" pin="2"/>
    </net>
    <net code="124" name="Net-(D_81-Pad2)">
      <node ref="K_81" pin="2"/>
      <node ref="D_81" pin="2"/>
    </net>
    <net code="125" name="Net-(D_48-Pad2)">
      <node ref="D_48" pin="2"/>
      <node ref="K_48" pin="2"/>
    </net>
    <net code="126" name="Net-(D_47-Pad2)">
      <node ref="K_47" pin="2"/>
      <node ref="D_47" pin="2"/>
    </net>
    <net code="127" name="Net-(D_49-Pad2)">
      <node ref="D_49" pin="2"/>
      <node ref="K_49" pin="2"/>
    </net>
    <net code="128" name="Net-(D_46-Pad2)">
      <node ref="K_46" pin="2"/>
      <node ref="D_46" pin="2"/>
    </net>
    <net code="129" name="Net-(D_50-Pad2)">
      <node ref="D_50" pin="2"/>
      <node ref="K_50" pin="2"/>
    </net>
    <net code="130" name="Net-(D_51-Pad2)">
      <node ref="D_51" pin="2"/>
      <node ref="K_51" pin="2"/>
    </net>
    <net code="131" name="Net-(D_45-Pad2)">
      <node ref="D_45" pin="2"/>
      <node ref="K_45" pin="2"/>
    </net>
    <net code="132" name="Net-(D_40-Pad2)">
      <node ref="D_40" pin="2"/>
      <node ref="K_40" pin="2"/>
    </net>
    <net code="133" name="Net-(D_42-Pad2)">
      <node ref="K_42" pin="2"/>
      <node ref="D_42" pin="2"/>
    </net>
    <net code="134" name="Net-(D_41-Pad2)">
      <node ref="D_41" pin="2"/>
      <node ref="K_41" pin="2"/>
    </net>
    <net code="135" name="Net-(D_39-Pad2)">
      <node ref="D_39" pin="2"/>
      <node ref="K_39" pin="2"/>
    </net>
    <net code="136" name="Net-(D_44-Pad2)">
      <node ref="K_44" pin="2"/>
      <node ref="D_44" pin="2"/>
    </net>
    <net code="137" name="Net-(D_43-Pad2)">
      <node ref="D_43" pin="2"/>
      <node ref="K_43" pin="2"/>
    </net>
    <net code="138" name="Net-(D_61-Pad2)">
      <node ref="K_61" pin="2"/>
      <node ref="D_61" pin="2"/>
    </net>
    <net code="139" name="Net-(D_60-Pad2)">
      <node ref="K_60" pin="2"/>
      <node ref="D_60" pin="2"/>
    </net>
    <net code="140" name="Net-(D_62-Pad2)">
      <node ref="K_62" pin="2"/>
      <node ref="D_62" pin="2"/>
    </net>
    <net code="141" name="Net-(D_59-Pad2)">
      <node ref="D_59" pin="2"/>
      <node ref="K_59" pin="2"/>
    </net>
    <net code="142" name="Net-(D_64-Pad2)">
      <node ref="D_64" pin="2"/>
      <node ref="K_64" pin="2"/>
    </net>
    <net code="143" name="Net-(D_58-Pad2)">
      <node ref="D_58" pin="2"/>
      <node ref="K_58" pin="2"/>
    </net>
    <net code="144" name="Net-(D_63-Pad2)">
      <node ref="D_63" pin="2"/>
      <node ref="K_63" pin="2"/>
    </net>
    <net code="145" name="Net-(D_55-Pad2)">
      <node ref="D_55" pin="2"/>
      <node ref="K_55" pin="2"/>
    </net>
    <net code="146" name="Net-(D_53-Pad2)">
      <node ref="D_53" pin="2"/>
      <node ref="K_53" pin="2"/>
    </net>
    <net code="147" name="Net-(D_52-Pad2)">
      <node ref="D_52" pin="2"/>
      <node ref="K_52" pin="2"/>
    </net>
    <net code="148" name="Net-(D_57-Pad2)">
      <node ref="D_57" pin="2"/>
      <node ref="K_57" pin="2"/>
    </net>
    <net code="149" name="Net-(D_56-Pad2)">
      <node ref="D_56" pin="2"/>
      <node ref="K_56" pin="2"/>
    </net>
  </nets>
</export>
